date,weather,max,min,power,direction
2011-01-01,雨夹雪,5,-1,微风,无持续风向
2011-01-02,多云,7,0,微风,无持续风向~北风
2011-01-03,雨夹雪,6,0,微风,北风
2011-01-04,雨夹雪~阴,4,-2,微风,北风
2011-01-05,多云,5,-1,微风,北风
2011-01-06,多云~晴,6,0,微风,北风
2011-01-07,阴,6,0,微风,东北风
2011-01-08,雨夹雪,4,-2,微风,东北风
2011-01-09,雨夹雪,4,-2,4-5级,北风
2011-01-10,小雪,2,-1,微风,北风
2011-01-11,中雪~小雪,4,-2,3-4级~4-5级,东北风~北风
2011-01-12,阴,5,0,微风,北风
2011-01-13,多云,6,-1,微风,东北风
2011-01-14,多云~晴,4,-3,微风,北风~东风
2011-01-15,多云~阴,4,-2,3-4级,北风
2011-01-16,阴~雨夹雪,3,-2,微风,北风
2011-01-26,阴~雨夹雪,5,0,微风,东风
2011-01-29,多云,4,-2,微风,东北风
2011-01-30,多云~晴,5,-1,微风,东北风
2011-01-31,晴~多云,6,0,微风,北风
2011-02-01,多云,9,1,微风,北风
2011-02-02,晴,11,3,微风,南风
2011-02-03,晴~多云,15,3,微风,南风~东南风
2011-02-04,晴~多云,15,3,微风,无持续风向
2011-02-05,多云~晴,16,5,微风,东北风
2011-02-06,阴~多云,15,4,微风,南风
2011-02-07,多云,19,6,微风,无持续风向
2011-02-08,多云,19,6,微风,北风
2011-02-09,阴~小雨,13,3,5-6级~4-5级,北风
2011-02-10,中雨~小雨,5,0,微风,东北风
2011-02-11,多云,5,-1,微风,北风
2011-02-12,多云~小雨,7,1,微风,北风
2011-02-13,雨夹雪,4,-1,微风,东北风
2011-02-14,阴~多云,6,-2,微风,无持续风向
2011-02-15,多云~阴,7,1,微风,东北风
2011-02-16,小雨,6,2,微风,东风
2011-02-17,小雨~阴,6,3,微风,东北风
2011-02-18,阴~小雨,7,3,微风,北风
2011-02-19,阴~多云,8,2,微风,无持续风向
2011-02-20,多云~晴,11,2,微风,东北风
2011-02-21,晴~多云,13,4,微风,东北风
2011-02-22,晴~多云,15,6,微风,东风
2011-02-23,多云,16,8,微风,东南风
2011-02-24,晴~多云,21,8,微风,东风
2011-02-25,阴~阵雨,13,6,微风,东北风
2011-02-26,多云~阴,17,8,微风,无持续风向
2011-02-27,多云~阵雨,20,6,微风,南风~北风
2011-02-28,小雨,8,4,5-6级~4-5级,北风
2011-03-01,阴~多云,7,2,微风,北风
2011-03-02,晴~多云,9,1,微风,无持续风向
2011-03-03,阴~多云,9,1,微风,北风
2011-03-04,晴~多云,12,3,微风,北风
2011-03-05,多云~小到中雨,14,4,微风,东风
2011-03-06,中雨~小雨,9,4,微风,无持续风向
2011-03-07,多云~晴,11,3,微风,北风
2011-03-08,晴~多云,16,5,微风,无持续风向
2011-03-09,多云,14,3,微风,北风~南风
2011-03-10,晴~多云,18,6,微风,东北风
2011-03-11,多云~阴,16,7,微风,无持续风向
2011-03-12,多云~阴,20,9,微风,无持续风向
2011-03-13,多云~阵雨,22,8,3-4级,南风
2011-03-14,小雨~小到中雨,16,5,4-5级~5-6级,北风
2011-03-15,小雨~阴,8,3,5-6级~4-5级,北风
2011-03-16,多云,14,5,微风,北风
2011-03-17,多云,17,6,微风,无持续风向
2011-03-18,阴~阵雨,15,9,微风,南风
2011-03-19,阵雨,16,11,微风,南风
2011-03-20,阵雨~中雨,16,7,微风,东风~东北风
2011-03-21,中雨~小雨,8,3,5-6级~3-4级,北风
2011-03-22,小雨~阴,7,3,微风,无持续风向
2011-03-23,多云,11,4,微风,北风
2011-03-24,多云,15,4,微风,北风
2011-03-25,晴~多云,16,5,微风,北风
2011-03-26,晴~多云,16,6,微风,北风~南风
2011-03-27,多云~晴,17,6,微风,无持续风向
2011-03-28,晴,19,7,微风,南风
2011-03-29,多云~晴,17,7,微风,北风
2011-03-30,晴~多云,20,8,微风,东风
2011-03-31,晴~多云,22,11,微风,南风
2011-04-01,多云,24,11,微风,南风
2011-04-02,阴~小雨,18,7,微风~4-5级,东风~东北风
2011-04-03,小雨~阴,8,5,4-5级,东北风~北风
2011-04-04,多云,15,6,微风,北风
2011-04-05,晴~多云,17,9,微风,北风
2011-04-06,多云~阵雨,19,12,微风,无持续风向
2011-04-07,阵雨,17,11,微风,北风
2011-04-08,阴,17,10,微风,东风~南风
2011-04-09,阴~阵雨,22,15,微风,东南风
2011-04-10,阴~小雨,22,16,微风,东南风
2011-04-11,多云~晴,20,10,微风,北风
2011-04-12,晴~多云,22,12,微风,东风
2011-04-13,阴~多云,20,14,微风,南风
2011-04-14,阴~阵雨,27,16,微风,南风
2011-04-15,雷阵雨~中到大雨,26,16,3-4级~4-5级,南风~北风
2011-04-16,小雨~阴,18,10,4-5级,北风~东北风
2011-04-17,多云~晴,22,12,微风,东北风
2011-04-18,晴,21,10,4-5级~微风,北风
2011-04-19,晴,21,12,微风,北风~南风
2011-04-20,晴~多云,24,12,微风,北风~南风
2011-04-21,多云~阵雨,23,16,3-4级~4-5级,东南风~北风
2011-04-22,小雨~多云,21,13,4-5级~微风,北风
2011-04-23,晴~多云,25,15,微风,南风
2011-04-24,晴,25,15,微风,东北风~南风
2011-04-25,晴~多云,30,16,微风,南风
2011-04-26,晴~阵雨,34,19,4-5级,西南风
2011-04-27,多云,27,15,微风,北风
2011-04-28,晴~多云,27,15,微风,东南风~南风
2011-04-29,多云~阴,33,20,微风,南风
2011-04-30,阵雨,28,16,3-4级~4-5级,南风~北风
2011-05-01,阵雨~多云,27,16,3-4级,东北风
2011-05-02,多云~大雨,26,16,微风,东风
2011-05-03,阴,17,12,3-4级~微风,东北风
2011-05-04,阴~多云,17,12,微风,东风
2011-05-05,多云,25,16,微风,南风
2011-05-06,阴~多云,29,19,微风,东南风
2011-05-07,晴,33,21,4-5级~3-4级,西南风
2011-05-08,晴~多云,35,23,4-5级,西南风
2011-05-09,阴~多云,33,23,微风,南风
2011-05-10,多云~雷阵雨,35,23,微风,南风
2011-05-11,阵雨~阴,26,20,微风,北风
2011-05-12,阴~多云,26,18,微风,北风
2011-05-13,多云~晴,28,20,微风,北风~南风
2011-05-14,多云~阴,28,20,微风,南风
2011-05-15,多云~阵雨,26,18,微风,南风
2011-05-16,多云,28,18,微风,南风
2011-05-17,多云~晴,31,18,微风,南风
2011-05-18,晴,32,20,微风,无持续风向
2011-05-19,晴,35,23,微风,南风
2011-05-20,晴~多云,36,22,微风,南风
2011-05-21,阵雨,28,18,3-4级,北风
2011-05-22,阵雨~小到中雨,20,16,微风,无持续风向
2011-05-23,小雨~阴,17,15,微风,东北风
2011-05-24,阴,21,16,微风,东北风
2011-05-25,阴,23,18,微风,北风
2011-05-26,多云,28,18,微风,北风
2011-05-27,多云,28,18,微风,北风
2011-05-28,阴~多云,25,17,微风,东北风
2011-05-29,晴~多云,27,20,微风,东北风~东风
2011-05-30,多云,32,22,微风,南风
2011-05-31,多云~阵雨,30,22,微风,南风~北风
2011-06-01,阴~多云,28,21,微风,东北风
2011-06-02,多云~阵雨,31,21,微风,南风
2011-06-03,阴~阵雨,29,22,微风,南风
2011-06-04,中到大雨~大到暴雨,23,21,微风,南风
2011-06-05,阵雨~中雨,23,21,微风,北风
2011-06-06,大到暴雨~中到大雨,23,21,微风,东北风
2011-06-07,阵雨~多云,27,22,微风,东北风
2011-06-08,多云,33,24,微风,南风
2011-06-09,多云~阵雨,35,25,微风,南风
2011-06-10,中到大雨,28,24,微风,南风
2011-06-11,大到暴雨~中到大雨,23,21,微风,东北风
2011-06-12,阵雨~阴,28,22,微风,东北风
2011-06-13,阵雨,28,23,微风,无持续风向
2011-06-14,大雨~大到暴雨,23,21,微风,南风
2011-06-15,大到暴雨~中雨,24,20,微风,东北风
2011-06-16,阵雨~阴,26,22,微风,北风
2011-06-17,雷阵雨~大到暴雨,28,23,微风,南风
2011-06-18,大雨~大到暴雨,29,22,微风,南风~北风
2011-06-19,阵雨,24,21,微风,东风~东南风
2011-06-20,阴,29,23,微风,东风
2011-06-21,雷阵雨~多云,32,24,微风,东风
2011-06-22,多云,34,24,微风,南风
2011-06-23,多云,36,26,微风,南风
2011-06-24,雷阵雨,34,26,微风,东南风
2011-06-25,中到大雨~阵雨,31,24,3-4级,东北风
2011-06-26,多云,31,23,3-4级~微风,西北风~西风
2011-06-27,晴~多云,33,24,微风,南风
2011-06-28,雷阵雨,34,25,3-4级,东南风
2011-06-29,雷阵雨,33,25,微风,南风
2011-06-30,雷阵雨~多云,34,26,微风,西南风
2011-07-01,阵雨~多云,32,25,3-4级,南风
2011-07-02,晴~多云,36,27,微风,西南风
2011-07-03,晴~多云,37,28,3-4级,西南风
2011-07-04,雷阵雨~多云,36,28,微风,南风
2011-07-05,雷阵雨~多云,37,27,微风,南风
2011-07-06,多云,36,27,3-4级,南风
2011-07-07,多云,36,27,微风,南风
2011-07-08,雷阵雨~阵雨,34,27,微风,南风
2011-07-09,雷阵雨,32,26,微风,东北风
2011-07-10,雷阵雨~阴,34,26,3-4级,东南风
2011-07-11,多云,33,26,3-4级~微风,东南风~南风
2011-07-12,雷阵雨,33,25,微风,南风
2011-07-13,小到中雨~雷阵雨,32,25,微风,南风
2011-07-14,雷阵雨,32,26,3-4级,东南风~北风
2011-07-15,多云~阴,33,26,微风,南风
2011-07-16,雷阵雨~多云,33,26,3-4级,东南风
2011-07-17,雷阵雨~多云,33,25,微风,南风
2011-07-18,阵雨~雷阵雨,33,26,微风,东南风
2011-07-19,中雨~阵雨,30,25,3-4级,东北风
2011-07-20,多云,33,26,微风,南风
2011-07-21,雷阵雨~多云,34,26,微风,南风
2011-07-22,多云~晴,35,27,微风,南风
2011-07-23,雷阵雨~多云,35,27,微风,东南风
2011-07-24,雷阵雨~多云,36,27,微风,东风
2011-07-25,多云,38,27,3-4级,南风
2011-07-26,多云,38,28,微风,南风
2011-07-27,晴~多云,38,28,3-4级,南风
2011-07-28,晴~多云,37,28,3-4级,南风
2011-07-29,晴~多云,36,28,微风,东南风
2011-07-30,晴~多云,36,28,3-4级,南风
2011-07-31,多云,37,27,3-4级,东南风
2011-09-01,多云,31,24,3-4级,东北风
2011-09-02,多云,31,24,微风,东北风
2011-09-03,晴~多云,32,24,3-4级~微风,东北风
2011-09-04,晴~多云,31,23,微风,北风
2011-09-05,晴~多云,32,23,微风,东北风
2011-09-06,多云,30,22,微风,北风
2011-09-07,多云~阴,31,23,微风,东风
2011-09-08,雷阵雨~阵雨,31,23,微风,南风
2011-09-09,阵雨,27,23,微风,东北风
2011-09-10,阵雨~阴,26,22,微风,东北风
2011-09-11,多云,28,23,3-4级,东风
2011-09-12,多云,31,24,微风,东风
2011-09-13,多云~晴,33,24,微风,东南风
2011-09-14,晴~多云,34,25,微风,东南风
2011-09-15,晴~多云,34,24,微风,东南风
2011-09-16,多云,34,24,微风,东南风~东北风
2011-09-17,多云~阵雨,33,22,微风~3-4级,东北风
2011-09-18,小雨~阴,25,19,4-5级~3-4级,西北风
2011-09-19,多云~阴,24,18,4-5级~微风,北风
2011-09-20,阴,22,16,4-5级~3-4级,西北风
2011-09-21,多云,23,15,微风,东北风
2011-09-22,多云,25,16,微风,北风
2011-09-23,多云,26,17,微风,东北风
2011-09-24,晴~多云,26,18,微风,东北风
2011-09-25,小雨,27,21,微风,东北风
2011-09-26,阵雨,25,22,微风,东北风
2011-09-27,小雨,25,22,微风,东风
2011-09-28,多云~阴,28,23,微风,东风~东南风
2011-09-29,中雨~中到大雨,28,19,微风~4-5级,北风
2011-09-30,中到大雨~小雨,20,18,4-5级~3-4级,北风~东北风
2012-03-01,小雨~中雨,9,6,微风,东风
2012-03-02,中到大雨~大雨,8,4,微风,东风
2012-03-03,中雨,8,6,微风,东北风
2012-03-04,大雨,9,6,微风,东北风
2012-03-05,中雨~小雨,8,5,微风,北风~东北风
2012-03-06,阴~小到中雨,12,6,微风,东北风
2012-03-07,中雨,7,5,微风,东北风
2012-03-08,中雨~小到中雨,6,3,微风,东北风
2012-03-09,小雨~阴,6,2,微风,东北风
2012-03-10,多云,9,3,微风,东北风
2012-03-11,多云,9,1,微风,东风
2012-03-12,晴~多云,12,4,微风,东北风
2012-03-13,多云,13,5,微风,东风
2011-10-01,小雨,21,17,3-4级,东北风
2011-10-02,小雨,20,17,微风,东北风
2011-10-03,阴,20,16,3-4级,东北风
2011-10-04,阴,21,16,微风,东北风
2011-10-05,阴~多云,20,16,微风,北风
2011-10-06,多云,25,17,微风,东风
2011-10-07,多云,25,16,微风,北风
2012-03-14,多云~阵雨,16,7,微风,东南风
2012-03-15,阵雨~小到中雨,15,8,微风,东南风~南风
2012-03-16,多云,20,11,微风,东风
2012-03-17,阵雨~小到中雨,17,8,微风,无持续风向
2012-03-18,阴~阵雨,12,8,微风,东北风
2012-03-19,小到中雨~小雨,10,8,微风,东北风
2012-03-20,小雨~阴,10,6,微风,东北风~东南风
2012-03-21,多云,15,9,微风,东北风
2011-10-08,晴,26,17,微风,东风
2011-10-09,晴~多云,27,17,微风,东南风
2011-10-10,小雨~阴,25,20,微风,东北风
2011-10-11,小雨~阴,24,19,微风,东北风
2011-10-12,阴~阵雨,24,19,微风,东南风
2012-03-22,阵雨~大雨,22,8,微风~4-5级,东南风~北风
2012-03-23,小到中雨~多云,14,5,4-5级,北风
2012-03-24,晴,17,5,微风,北风
2012-03-25,晴,21,10,微风,西南风
2012-03-26,晴,23,10,微风,南风
2012-03-27,晴,23,10,微风,东风
2012-03-28,晴~多云,26,13,微风,东风~南风
2012-03-29,阵雨,22,11,微风,东风
2011-10-13,中到大雨~中雨,23,15,3-4级,北风
2011-10-14,阴~多云,23,15,微风,北风
2011-10-15,多云,24,13,微风,西北风
2011-10-16,晴,25,15,微风,北风
2011-10-17,晴,26,15,微风,东北风
2011-10-18,晴~多云,24,15,微风,东北风
2011-10-19,多云,23,16,3-4级,东北风
2011-10-20,小雨,22,17,微风,东北风
2011-10-21,阴~多云,24,17,微风,东北风
2012-03-30,大雨~小雨,16,8,4-5级~5-6级,北风
2012-03-31,多云,19,7,微风,北风
2011-10-22,晴~多云,25,16,微风,东北风
2011-10-23,多云~阵雨,25,17,微风,东南风
2011-10-24,中到大雨~小雨,21,13,3-4级~微风,北风~东北风
2011-10-25,阴~多云,17,12,3-4级~微风,北风
2011-10-26,多云,19,12,微风,东北风
2011-10-27,多云~阴,21,16,微风,东北风
2011-10-28,小雨,20,15,微风,东北风
2011-10-29,小雨~阴,20,16,微风,东风
2011-10-30,阴~多云,21,15,微风,东北风
2011-10-31,多云,24,16,微风,东风
2012-01-01,晴~多云,10,2,微风,东北风
2012-01-02,多云,9,4,微风,东北风~北风
2012-01-03,阴,7,0,微风,北风
2012-01-04,多云,4,-1,微风,无持续风向
2012-01-05,阴~小雨,5,0,微风,东风
2012-01-06,阴,5,2,微风,北风
2012-01-07,多云~阴,7,3,微风,东北风
2012-01-08,小雨~阴,7,4,微风,东风
2012-01-09,阴,6,4,微风,东北风
2012-01-10,阴,7,4,微风,东北风
2012-01-11,阴,8,4,微风,北风
2012-01-12,多云~阴,7,3,微风,东北风
2012-01-13,小雨,9,5,微风,东风
2011-12-01,阴,8,2,4-5级,西北风
2011-12-02,多云,8,2,3-4级~微风,西北风
2011-12-03,晴~多云,12,4,微风,北风
2011-12-04,晴~多云,13,5,微风,东北风~东风
2012-01-14,中到大雨,8,4,微风,东北风
2012-01-16,小雨~阴,6,3,微风,东北风
2012-01-17,多云~小雨,8,5,微风,东北风
2012-01-18,小到中雨~中雨,7,5,微风,东北风
2012-01-19,小雨,8,5,微风,东北风
2012-01-20,阴~小雨,7,1,微风~3-4级,北风
2012-01-21,雨夹雪~中到大雪,5,-1,3-4级,北风
2012-01-22,小雪~多云,2,-2,3-4级,北风
2011-12-05,多云~阴,14,8,微风,东风
2011-12-06,阴~小雨,16,10,微风,东南风
2011-12-07,中雨~小雨,14,6,3-4级~4-5级,东北风
2011-12-08,小雨~阴,7,2,4-5级~3-4级,北风
2011-12-09,多云,7,0,3-4级,北风
2011-12-10,晴,7,-1,微风,东北风
2011-12-11,晴,8,0,微风,北风
2011-12-12,多云,10,3,微风,北风~东北风
2011-12-13,多云,12,4,微风,东北风
2012-01-23,多云,3,-2,微风,北风
2012-01-24,多云~阴,3,-2,微风,无持续风向
2012-01-25,晴~多云,4,-1,微风,北风
2012-01-26,多云,7,-1,微风,东南风
2012-01-27,小雨,7,2,微风,东北风
2012-01-28,小雨,6,3,微风,北风
2012-01-29,小雨,6,3,微风,北风
2011-12-14,多云~阴,12,4,微风,北风
2011-12-15,小雨~阴,8,2,3-4级,北风
2011-12-16,晴,7,-1,微风,北风~东北风
2012-01-30,小雨~阴,6,2,微风,东北风
2012-01-31,多云,8,1,微风,东北风
2011-12-17,晴~多云,7,0,微风,北风~东北风
2011-12-18,多云,8,2,微风,北风
2011-12-19,多云,10,4,微风,北风
2011-12-20,小雨,11,4,微风,东风
2011-12-21,小雨~阴,8,1,3-4级~4-5级,北风
2011-12-22,阴~多云,6,-1,3-4级~微风,北风
2011-12-23,晴,8,-2,微风,北风
2011-12-24,晴,8,-1,3-4级,东北风
2011-12-25,晴,9,1,微风,北风
2011-12-26,多云,11,3,微风,东风
2011-12-27,多云~阴,10,5,微风,东风~东北风
2011-12-28,阴,12,6,微风,东风
2011-12-29,阴~多云,10,5,微风,无持续风向
2011-12-30,多云,9,3,微风,北风
2011-12-31,多云,10,3,微风,东北风
2011-11-01,多云,24,16,微风,东北风
2011-11-02,阵雨,23,18,微风,东风~东北风
2011-11-03,阵雨,21,17,微风,东北风
2011-11-04,阵雨,23,19,微风,东北风
2011-11-05,小到中雨~小雨,22,18,微风,东风
2011-11-06,阴,24,18,微风,北风
2011-11-07,阴~小雨,19,14,微风,北风
2011-11-08,小雨,17,12,微风,北风
2011-11-09,小到中雨~小雨,15,12,微风,北风
2011-11-10,小雨~多云,15,10,微风,西北风~北风
2011-11-11,多云~晴,17,9,微风,北风
2011-11-12,晴,21,10,微风,东南风
2011-11-13,多云~阴,20,11,微风,东风
2011-11-14,多云,20,13,微风,东北风~东风
2011-11-15,多云,20,13,微风,东风
2011-11-16,多云~阴,22,15,微风,东南风
2011-11-17,多云~阴,24,18,微风,东南风
2011-11-18,中雨,23,12,微风,东南风~北风
2011-11-19,小雨~阴,16,10,3-4级,北风
2011-11-20,多云~晴,15,8,3-4级~微风,北风
2011-11-21,晴~多云,17,9,微风,东北风
2011-11-22,多云~晴,17,8,微风~3-4级,北风
2011-11-23,晴,16,6,微风,北风
2011-11-24,晴,16,6,微风,北风~东南风
2011-11-25,晴,17,9,微风,南风
2011-11-26,晴~多云,21,11,微风,南风
2011-11-27,晴~多云,23,12,微风,南风
2011-11-28,多云~阴,23,13,微风,东风~东北风
2011-11-29,阴~小雨,23,12,微风,东风~北风
2011-11-30,小雨~小到中雨,17,6,5-6级,北风
2012-04-01,大雨转小雨,19,13,小于3级,东风
2012-04-02,大雨转小雨,19,13,小于3级,东风
2012-04-03,大雨转小雨,19,13,小于3级,东风
2012-04-04,大雨转小雨,19,13,小于3级,东风
2012-04-05,大雨转小雨,18,14,小于3级,东风
2012-04-06,大雨转小雨,20,12,小于3级,东风
2012-04-07,大雨转小雨,18,14,小于3级,东风
2012-04-08,大雨转小雨,20,12,小于3级,东风
2012-04-09,大雨转小雨,18,14,小于3级,东风
2012-04-10,大雨转小雨,20,12,小于3级,东风
2012-04-11,大雨转小雨,19,13,小于3级,东风
2012-04-12,大雨转小雨,19,13,小于3级,东风
2012-04-13,阴转阵雨,22,13,小于3级,东南风
2012-04-14,阵雨,20,13,小于3级,东南风
2012-04-15,阵雨转多云,22,12,小于3级,东北风
2012-04-16,多云转阴,24,13,小于3级,东风
2012-04-17,阵雨转中雨,20,14,小于3级,东风
2012-04-18,阵雨转小到中雨,22,13,小于3级,南风
2012-04-19,多云转阵雨,25,15,小于3级,北风
2012-04-20,雷阵雨转中到大雨,27,16,小于3级,西南风
2012-04-21,多云转晴,28,13,3-4级,西北风
2012-04-22,晴转多云,29,16,小于3级,西风
2012-04-23,多云转雷阵雨,29,18,小于3级,东南风
2012-04-24,暴雨转小雨,23,17,4-5级~3-4级,南风
2012-04-25,多云转晴,27,16,3-4级~4-5级,西北风
2012-04-26,晴转多云,29,15,小于3级,东风
2012-04-27,多云转雷阵雨,29,16,小于3级,南风
2012-04-28,中雨,25,19,小于3级,东风
2012-04-29,阵雨转雷阵雨,25,18,小于3级,西南风
2012-04-30,暴雨转大雨,22,18,小于3级,东风
2012-02-01,阴,7,1,3-4级,北风
2012-02-02,阴~多云,5,1,3-4级,北风
2012-02-03,晴~多云,6,1,微风,北风
2012-02-04,多云~小雨,9,4,微风,东北风
2012-02-05,阴~中雨,10,4,微风,东风
2012-02-06,中到大雨~小到中雨,7,0,4-5级,北风
2012-02-07,阴~多云,4,-2,4-5级~微风,北风
2012-02-08,晴~多云,5,-1,微风,北风
2012-02-09,多云~小雨,5,2,微风,东风
2012-02-10,雨夹雪~小雨,4,1,微风,无持续风向
2012-02-11,阴~小雨,7,2,微风,北风
2012-02-12,小雨,8,4,微风,东北风
2012-02-13,小雨,10,5,微风,东风
2012-02-14,小雨~中雨,7,4,微风,东北风
2012-02-15,小雨,5,2,4-5级,北风
2012-02-16,小雨~阴,5,1,微风,东北风
2012-02-17,阴~多云,8,1,微风,北风
2012-02-18,多云,7,0,微风,北风
2012-02-19,晴~多云,8,1,微风,东风
2012-02-20,多云~小雨,10,5,微风,东北风
2012-02-21,小雨~小到中雨,12,6,微风,东北风
2012-02-22,中到大雨,13,8,微风,东风
2012-02-23,小到中雨~小雨,11,6,微风,东北风
2012-02-24,阴,6,2,微风,东北风
2012-02-25,小雨~阴,5,2,3-4级,东北风
2012-02-26,阴,4,0,微风,北风
2012-02-27,小雨,6,2,微风,北风
2012-02-28,雨夹雪~阴,5,2,3-4级,东北风~东南风
2012-02-29,小雨,9,6,微风,东风
2012-05-01,阴转多云,26,17,小于3级,北风
2012-05-02,多云,28,17,3-4级~小于3级,西北风
2012-05-03,阵雨转多云,25,18,3-4级~小于3级,北风
2012-05-04,多云转晴,31,19,小于3级,东风
2012-05-05,晴,33,20,小于3级,南风
2012-05-06,晴转多云,33,20,小于3级,西南风
2012-05-07,大雨,28,20,小于3级,北风
2012-05-08,多云,28,19,3-4级,西北风
2012-05-09,多云,27,17,小于3级,东北风
2012-05-10,多云转晴,28,17,小于3级,东风
2012-05-11,多云转阴,30,18,小于3级,东风
2012-05-12,暴雨,24,20,小于3级,南风
2012-05-13,阴转中雨,23,19,3-4级,东风
2012-05-14,阵雨转多云,27,18,小于3级,西北风
2012-05-15,多云,28,17,小于3级,南风
2012-05-16,多云转晴,31,19,小于3级,西南风
2012-05-17,晴转多云,30,20,小于3级,西南风
2012-05-18,阵雨转大雨,25,20,小于3级,南风
2012-05-19,阵雨转阴,23,16,小于3级,东风
2012-05-20,阴转多云,24,17,小于3级,东风
2012-05-21,多云转晴,26,17,小于3级,东风
2012-05-22,多云转阵雨,25,17,小于3级,东风
2012-05-23,中雨,23,18,小于3级,东南风
2012-05-24,中雨,22,19,小于3级,西风
2012-05-25,小雨,24,18,小于3级,南风
2012-05-26,多云,28,17,小于3级,西南风
2012-05-27,晴转多云,29,18,小于3级,东风
2012-05-28,多云,29,19,小于3级,东风
2012-05-29,暴雨转大雨,25,20,小于3级,东风
2012-05-30,小雨转多云,24,18,小于3级,东北风
2012-05-31,阴转阵雨,25,18,小于3级,东风
2012-06-01,中雨转阵雨,25,19,小于3级,东风
2012-06-02,阴转多云,25,17,小于3级,东风
2012-06-03,多云转阴,27,19,小于3级,东风
2012-06-04,小雨转多云,28,20,小于3级,东风
2012-06-05,阵雨,27,21,小于3级,东风
2012-06-06,阵雨,27,22,小于3级,南风
2012-06-07,阵雨,30,23,小于3级,西南风
2012-06-08,多云转阴,32,23,小于3级,南风
2012-06-09,阴转阵雨,30,24,小于3级,南风
2012-06-10,雷阵雨转中雨,29,24,小于3级,西北风
2012-06-11,阴转多云,30,22,小于3级,西南风
2012-06-12,阴转多云,32,23,小于3级,东风
2012-06-13,多云,33,23,小于3级,东北风
2012-06-14,阵雨转多云,30,22,小于3级,东南风
2012-06-15,多云,30,23,小于3级,东风
2012-06-16,多云转阵雨,27,23,小于3级,东风
2012-06-17,中雨转中到大雨,25,22,小于3级,东风
2012-06-18,阵雨转阴,28,21,小于3级,西南风
2012-06-19,阴转多云,28,21,小于3级,东北风
2012-06-20,阴转多云,29,22,小于3级,东风
2012-06-21,多云转中雨,29,23,小于3级,东风
2012-06-22,大到暴雨,23,20,小于3级,西南风
2012-06-23,大雨,26,21,小于3级,西北风
2012-06-24,阴转阵雨,30,24,小于3级,东南风
2012-06-25,中雨转暴雨,27,24,小于3级,西南风
2012-06-26,暴雨,27,23,小于3级,西北风
2012-06-27,阵雨,28,23,小于3级,东风
2012-06-28,多云,33,25,小于3级,东风
2012-06-29,多云转雷阵雨,34,26,小于3级,西南风
2012-06-30,雷阵雨转多云,36,27,小于3级,西北风
2012-07-01,晴转多云,36,26,小于3级,西南风
2012-07-02,晴转多云,36,27,小于3级,西南风
2012-07-03,晴转多云,37,27,小于3级,西南风
2012-07-04,晴转多云,38,28,小于3级,西南风
2012-07-05,晴转雷阵雨,37,29,小于3级,西南风
2012-07-06,多云转雷阵雨,36,28,小于3级,西南风
2012-07-07,多云转雷阵雨,36,28,小于3级,西南风
2012-07-08,多云,37,28,小于3级,东风
2012-07-09,多云,37,28,小于3级,西南风
2012-07-10,多云转雷阵雨,36,28,小于3级,西南风
2012-07-11,雷阵雨,36,28,小于3级,西南风
2012-07-12,多云转雷阵雨,36,29,小于3级,西北风
2012-07-13,雷阵雨转大雨,32,26,小于3级,东风
2012-07-14,暴雨转大雨,30,25,小于3级,西北风
2012-07-15,阵雨转中雨,29,24,小于3级,东风
2012-07-16,阵雨,31,25,小于3级,东风
2012-07-17,大雨转阵雨,31,25,小于3级,西北风
2012-07-18,阴转雷阵雨,32,25,小于3级,西北风
2012-07-19,多云转雷阵雨,34,27,小于3级,东风
2012-07-20,多云转晴,36,26,小于3级,西北风
2012-07-21,晴转多云,36,26,小于3级,西南风
2012-07-22,晴转多云,36,28,小于3级,东南风
2012-07-23,晴转多云,36,27,小于3级,东南风
2012-07-24,晴转多云,36,28,3-4级,东南风
2012-07-25,晴转多云,35,26,小于3级,东风
2012-07-26,多云转雷阵雨,36,27,小于3级,东风
2012-07-27,晴转多云,36,27,小于3级,南风
2012-07-28,晴转多云,37,27,小于3级,东风
2012-07-29,晴转多云,37,28,小于3级,东南风
2012-07-30,晴转多云,37,28,小于3级,东风
2012-07-31,多云,34,27,小于3级,东风
2012-08-01,中雨转暴雨,31,26,3-4级,东风
2012-08-02,暴雨,30,25,5-6级,东北风
2012-08-03,阵雨转阴,33,27,6-7级~4-5级,东风
2012-08-04,多云转阵雨,33,26,小于3级,东风
2012-08-05,多云转阵雨,32,26,3-4级,西北风
2012-08-06,阵雨转暴雨,31,26,小于3级,北风
2012-08-07,暴雨,29,25,小于3级~6-7级,北风
2012-08-08,大雨,29,24,7-8级~8-9级,东南风
2012-08-09,中雨转大雨,31,25,4-5级~小于3级,南风
2012-08-10,中雨,34,27,小于3级,东北风
2012-08-11,阵雨转雷阵雨,34,26,小于3级,南风
2012-08-12,多云转雷阵雨,35,26,小于3级,东风
2012-08-13,雷阵雨转多云,35,27,小于3级,东风
2012-08-14,多云转晴,38,28,小于3级,东风
2012-08-15,雷阵雨转多云,38,29,小于3级,西北风
2012-08-16,多云,36,27,小于3级,东风
2012-08-17,晴转多云,36,28,小于3级,南风
2012-08-18,多云,37,28,小于3级,西风
2012-08-19,多云,35,26,小于3级,西风
2012-08-20,雷阵雨转多云,34,26,小于3级,西北风
2012-08-21,雷阵雨转阵雨,29,25,小于3级,西风
2012-08-22,阵雨,28,22,小于3级,西北风
2012-08-23,阵雨转中雨,29,21,4-5级,西北风
2012-08-24,多云转雷阵雨,30,24,小于3级,北风
2012-08-25,阵雨转中雨,30,25,小于3级,东北风
2012-08-26,阵雨转中雨,30,25,3-4级,东北风
2012-08-27,阵雨转多云,32,25,小于3级~5-6级,西北风
2012-08-28,阵雨转中雨,30,25,4-5级~3-4级,东风
2012-08-29,多云,34,25,小于3级,西北风
2012-08-30,多云,34,25,3-4级,东风
2012-08-31,多云转晴,33,25,小于3级,东风
2012-09-01,多云,32,25,小于3级,南风
2012-09-02,多云转大雨,30,23,小于3级,西南风
2012-09-03,中雨,26,23,小于3级,北风
2012-09-04,阵雨,23,17,小于3级,南风
2012-09-05,阴,26,19,小于3级,西北风
2012-09-06,阵雨,29,23,小于3级,东风
2011-08-01,雷阵雨,34,26,3-4级,东南风
2011-08-02,雷阵雨~多云,34,26,微风~3-4级,东南风
2011-08-03,雷阵雨,34,26,微风,东南风
2011-08-04,雷阵雨~多云,34,25,微风,东北风
2011-08-05,雷阵雨~阵雨,32,25,3-4级,东北风
2012-09-07,阴转多云,31,24,小于3级,西南风
2012-09-08,多云转中雨,29,24,小于3级,东风
2012-09-09,阵雨转小雨,26,21,小于3级,西北风
2012-09-10,阴转多云,29,23,小于3级,东风
2012-09-11,多云转阵雨,32,24,小于3级,东风
2012-09-12,大雨转中雨,24,19,小于3级,北风
2012-09-13,小雨转阴,23,17,4-5级,西风
2012-09-14,多云转晴,25,17,3-4级,西北风
2011-08-06,小到中雨~大到暴雨,33,24,4-5级~6-7级,东北风~东风
2011-08-07,多云,33,25,4-5级~3-4级,西北风~西风
2011-08-08,雷阵雨~多云,35,26,3-4级~微风,西南风
2011-08-09,雷阵雨~多云,34,26,微风,南风
2011-08-10,多云,36,26,微风,南风
2011-08-11,雷阵雨,35,25,3-4级,南风
2011-08-12,中到大雨~雷阵雨,30,26,3-4级,西南风
2011-08-13,雷阵雨~多云,34,26,3-4级,南风
2012-09-15,多云转阴,26,18,小于3级,北风
2012-09-16,多云,27,18,3-4级~5-6级,北风
2012-09-17,晴,27,18,4-5级~3-4级,西北风
2011-08-14,雷阵雨~多云,36,26,微风,西南风~南风
2011-08-15,多云,35,27,微风,南风
2011-08-16,多云,37,27,3-4级,西南风
2011-08-17,多云,36,28,3-4级,西南风
2011-08-18,多云,35,28,微风~3-4级,南风
2011-08-19,多云,35,27,微风~3-4级,南风
2011-08-20,多云,37,27,微风,南风
2011-08-21,雷阵雨,34,26,微风,东北风
2012-09-18,多云,28,17,小于3级,西北风
2012-09-19,多云,29,18,小于3级,东北风
2012-09-20,多云转阵雨,27,18,小于3级,东风
2012-09-21,中雨转小雨,24,20,小于3级,南风
2012-09-22,阴转多云,25,19,小于3级,东北风
2012-09-23,阴转多云,27,18,小于3级,东风
2012-09-24,多云,28,18,小于3级,东风
2012-09-25,多云,27,19,小于3级,东风
2011-08-22,中雨~中到大雨,32,24,微风,东北风
2011-08-23,中雨,29,22,微风,北风~东北风
2011-08-24,中到大雨~阵雨,27,23,3-4级~微风,东北风
2011-08-25,阵雨,27,22,微风,东北风
2011-08-26,阵雨~雷阵雨,30,24,微风,东北风
2011-08-27,阵雨,31,24,3-4级,东北风
2011-08-28,雷阵雨~多云,32,25,微风,东南风
2011-08-29,雷阵雨~阵雨,31,24,3-4级~微风,东风
2012-09-26,多云转阴,26,20,小于3级,东风
2012-09-27,多云转阴,27,21,小于3级,东风
2012-09-28,阴转多云,23,14,小于3级,北风
2012-09-29,晴,25,13,4-5级,西北风
2012-09-30,晴转多云,26,13,3-4级~小于3级,西北风
2011-08-30,大到暴雨~中雨,30,25,微风,东北风
2011-08-31,阵雨~阴,30,25,4-5级,东北风
2012-10-01,晴转多云,25,13,小于3级,南风
2012-10-02,晴转多云,26,15,小于3级,北风
2012-10-03,多云,26,15,小于3级,西风
2012-10-04,晴转多云,26,16,小于3级,南风
2012-10-05,小雨转多云,26,19,小于3级,北风
2012-10-06,晴转多云,26,17,小于3级,东北风
2012-10-07,多云,26,18,小于3级,东风
2012-10-08,多云,25,18,小于3级,北风
2012-10-09,晴转多云,26,17,小于3级,西北风
2012-10-10,晴转多云,24,15,小于3级,西北风
2012-10-11,晴转多云,24,14,小于3级,东风
2012-10-12,多云,24,16,小于3级,东风
2012-10-13,阴转多云,24,19,小于3级,东风
2012-10-14,阴转多云,25,18,小于3级,东北风
2012-10-15,多云转阴,27,18,小于3级,东风
2012-10-16,小雨转阴,22,15,小于3级,北风
2012-10-17,晴转多云,21,11,3-4级~4-5级,西北风
2012-10-18,晴,23,11,3-4级~小于3级,东南风
2012-10-19,多云,26,15,小于3级,北风
2012-10-20,多云转阴,29,18,小于3级,北风
2012-10-21,小雨,25,17,小于3级,东南风
2012-10-22,多云转晴,22,12,小于3级,西北风
2012-10-23,晴转阴,24,12,4-5级~小于3级,西南风
2012-10-24,阴转多云,26,15,小于3级,东北风
2012-10-25,多云,28,17,小于3级,东北风
2012-10-26,多云转阴,25,19,小于3级,北风
2012-10-27,多云,23,17,小于3级,西北风
2012-10-28,多云转小雨,22,17,小于3级,东风
2012-10-29,中雨转小雨,18,14,小于3级,西北风
2012-10-30,阴转多云,16,10,4-5级~小于3级,东北风
2012-10-31,多云转晴,18,9,小于3级,西北风
2012-11-01,多云,20,10,小于3级,西北风
2012-11-02,多云转阵雨,23,12,小于3级,东北风
2012-11-03,中雨转多云,18,11,小于3级,西北风
2012-11-04,晴,18,8,4-5级~3-4级,西北风
2012-11-05,晴,18,7,3-4级,北风
2012-11-06,晴,18,7,小于3级,东北风
2012-11-07,小雨,16,10,小于3级,北风
2012-11-08,中雨转大雨,16,10,小于3级,西北风
2012-11-09,中雨,16,13,小于3级,东风
2012-11-10,阴转多云,15,9,小于3级,西北风
2012-11-11,晴转多云,16,5,4-5级,西南风
2012-11-12,晴转多云,19,6,3-4级~小于3级,西南风
2012-11-13,晴转多云,16,7,小于3级,北风
2012-11-14,多云转阴,16,7,小于3级,东南风
2012-11-15,小雨转大雨,14,11,小于3级,东风
2012-11-16,小雨转多云,15,9,小于3级,北风
2012-11-17,晴,16,5,3-4级~小于3级,西南风
2012-11-18,晴,17,5,小于3级,西南风
2012-11-19,晴转阴,17,8,小于3级,东北风
2012-11-20,小雨转中雨,14,11,小于3级,北风
2012-11-21,小雨转中雨,16,12,小于3级,北风
2012-11-22,阴转小雨,12,6,小于3级,北风
2012-11-23,阴转多云,11,5,小于3级,南风
2012-11-24,小雨转中雨,13,8,小于3级,东南风
2012-11-25,小雨转多云,10,5,小于3级,北风
2012-11-26,多云,12,3,4-5级,北风
2012-11-27,阴转小雨,13,7,小于3级,南风
2012-11-28,小雨转阴,13,8,小于3级,西风
2012-11-29,小雨转阴,13,9,3-4级~小于3级,西风
2012-11-30,小雨转中雨,11,9,小于3级,东北风
2012-12-01,中雨转小雨,12,8,小于3级,北风
2012-12-02,阴转多云,12,5,小于3级,东北风
2012-12-03,晴转多云,11,3,小于3级,北风
2012-12-04,阴转多云,12,5,小于3级,东风
2012-12-05,晴转多云,12,2,小于3级~4-5级,南风
2012-12-06,晴转多云,16,3,4-5级~3-4级,西北风
2012-12-07,晴转多云,13,4,小于3级,北风
2012-12-08,晴转多云,7,0,东北风小于3级,东北风
2012-12-09,晴转多云,7,0,东北风小于3级,东北风
2012-12-10,多云,10,4,小于3级,北风
2012-12-11,多云,10,4,小于3级,北风
2012-12-12,多云转阴,15,5,小于3级,东风
2012-12-13,小雨,18,10,小于3级,东南风
2012-12-14,中雨,14,12,小于3级,东北风
2012-12-15,小雨,10,7,小于3级,南风
2012-12-16,小雨转阴,9,6,小于3级,西北风
2012-12-17,雨夹雪转阴,6,2,小于3级,北风
2012-12-18,多云,7,-1,小于3级,北风
2012-12-19,多云转小雨,9,2,小于3级,南风
2012-12-20,中雨转小雨,9,5,小于3级,南风
2012-12-21,小雨,7,4,小于3级,南风
2012-12-22,阴转多云,5,0,3-4级,西北风
2012-12-23,晴,6,-3,3-4级,西北风
2012-12-24,晴转多云,9,-1,3-4级~小于3级,南风
2012-12-25,小雨,6,3,小于3级,东风
2012-12-26,小雨转大雨,9,4,小于3级,北风
2012-12-27,中雨转阴,9,5,小于3级,北风
2012-12-28,小雨转雨夹雪,7,0,小于3级,东北风
2012-12-29,中雪转阴,1,-3,小于3级~4-5级,西北风
2012-12-30,晴,5,-4,4-5级,西南风
2012-12-31,晴,9,-1,小于3级,西南风
2013-01-01,多云转阴,7,0,小于3级,东风
2013-01-02,阴,3,0,小于3级,东北风
2013-01-03,小雪转中雪,0,-2,4-5级~3-4级,南风
2013-01-04,大雪转小雪,2,-2,小于3级,西北风
2013-01-05,雨夹雪转阴,2,-1,小于3级,西北风
2013-01-06,雨夹雪转小雨,4,-1,小于3级,西南风
2013-01-07,阴,4,0,小于3级,西风
2013-01-08,阴,4,1,小于3级,西南风
2013-01-09,多云,8,0,3-4级,西北风
2013-01-10,多云,8,1,小于3级,南风
2013-01-11,多云转阴,8,0,小于3级,西南风
2013-01-12,大雨转中雨,6,4,小于3级,西南风
2013-01-13,阴转多云,9,3,小于3级~3-4级,西北风
2013-01-14,多云,11,2,小于3级~3-4级,东北风
2013-01-15,阴转多云,9,2,小于3级,南风
2013-01-16,多云,5,2,小于3级~3-4级,北风
2013-01-17,晴,5,-3,3-4级,北风
2013-01-18,晴转多云,10,-1,小于3级,北风
2013-01-19,多云,13,4,小于3级,南风
2013-01-20,阴转小雨,12,8,小于3级,北风
2013-01-21,小雨,7,4,小于3级,北风
2013-01-22,阴转多云,10,2,3-4级,南风
2013-01-23,多云,13,4,小于3级,东南风
2013-01-24,多云转晴,10,1,小于3级~3-4级,北风
2013-01-25,晴,13,3,小于3级,北风
2013-01-26,多云转晴,13,1,小于3级,东北风
2013-01-27,晴转多云,13,1,小于3级,南风
2013-01-28,阴,15,6,小于3级,北风
2013-01-29,多云转晴,18,7,小于3级,北风
2013-01-30,多云转阴,19,7,小于3级,南风
2013-01-31,中雨转小雨,17,13,小于3级,西南风
2013-02-01,小雨转阴,12,7,小于3级,北风
2013-02-02,阴转小雨,15,5,3-4级,东风
2013-02-03,小雨,11,8,3-4级~小于3级,南风
2013-02-04,中雨,9,6,小于3级,东风
2013-02-05,阴,9,5,3-4级,北风
2013-02-06,小雨转中雪,5,1,小于3级,南风
2013-02-07,大雪,1,-2,小于3级,东北风
2013-02-08,中雪转雨夹雪,1,-2,3-4级~小于3级,南风
2013-02-09,多云,6,-1,小于3级,西风
2013-02-10,阴转小雨,7,3,小于3级,东风
2013-02-11,中雨转阴,6,3,小于3级,东风
2013-02-12,阴转多云,9,2,小于3级,北风
2013-02-13,小雨,8,5,小于3级,北风
2013-02-14,小雨转多云,7,4,小于3级,北风
2013-02-15,多云,12,2,小于3级,西北风
2013-02-16,阵雨,13,6,小于3级,北风
2013-02-17,阵雨转中雨,11,6,小于3级,东北风
2013-02-18,雨夹雪转中雪,5,1,小于3级~5-6级,东北风
2013-02-19,阴转小雨,6,-1,4-5级~3-4级,西北风
2013-02-20,多云转小雨,10,2,小于3级,北风
2013-02-21,小雨转阴,10,5,小于3级,东风
2013-02-22,多云转晴,14,3,小于3级,西南风
2013-02-23,晴转多云,15,4,小于3级,东风
2013-02-24,多云转小雨,18,10,小于3级,南风
2013-02-25,中雨,16,12,小于3级,东北风
2013-02-26,阴,14,9,小于3级,东北风
2013-02-27,阴转多云,21,8,小于3级,东风
2013-02-28,中雨转大雨,15,3,小于3级,西南风
2013-03-01,小雨转阴,7,1,5-6级,东风
2013-03-02,多云转晴,12,0,3-4级~小于3级,北风
2013-03-03,晴,17,4,小于3级,西南风
2013-03-04,晴转多云,20,6,小于3级,东北风
2013-03-05,晴转多云,23,10,小于3级,西南风
2013-03-06,多云转晴,23,11,小于3级,西南风
2013-03-07,晴,28,12,小于3级,西南风
2013-03-08,晴转多云,30,16,小于3级,西南风
2013-03-09,阵雨,10,6,3-4级~小于3级,西南风
2013-03-10,阴转多云,15,6,5-6级~4-5级,东风
2013-03-11,多云,24,7,小于3级,东北风
2013-03-12,大雨,20,7,小于3级,北风
2013-03-13,阴转多云,11,2,5-6级,北风
2013-03-14,晴转多云,17,4,小于3级,东风
2013-03-15,多云转阵雨,21,8,小于3级,东风
2013-03-16,中雨,21,12,3-4级,东北风
2013-03-17,暴雨转多云,22,12,小于3级,北风
2013-03-18,多云转中雨,22,13,小于3级,西南风
2013-03-19,中雨转阴,16,10,小于3级,西南风
2013-03-20,阴转多云,15,3,小于3级,东北风
2013-03-21,中雨转阵雨,21,10,小于3级,南风
2013-03-22,雷阵雨转大雨,17,9,小于3级,东北风
2013-03-23,中雨转小雨,13,8,小于3级~3-4级,北风
2013-03-24,阴转多云,12,5,小于3级,东北风
2013-03-25,中雨转阵雨,10,7,3-4级,东风
2013-03-26,阴转多云,17,5,小于3级,西北风
2013-03-27,多云转阴,19,8,小于3级,北风
2013-03-28,阵雨转阴,15,11,小于3级,东风
2013-03-29,多云转阴,18,9,小于3级,东风
2013-03-30,阴转多云,18,10,小于3级,东北风
2013-03-31,多云转阵雨,17,9,小于3级,东风
2013-04-01,阴转多云,17,12,小于3级,西南风
2013-04-02,多云,19,8,小于3级,北风
2013-04-03,阴转多云,22,11,小于3级,东风
2013-04-04,阴转阵雨,20,15,小于3级,东风
2013-04-05,中雨转小雨,16,9,小于3级,北风
2013-04-06,多云转晴,17,5,5-6级,西北风
2013-04-07,晴转多云,22,8,3-4级,东南风
2013-04-08,多云,19,10,小于3级,西北风
2013-04-09,多云转晴,20,10,3-4级,东北风
2013-04-10,晴,22,10,小于3级,北风
2013-04-11,晴,24,11,小于3级,南风
2013-04-12,晴转多云,28,14,小于3级,南风
2013-04-13,多云,28,15,小于3级,西南风
2013-04-14,晴,31,14,小于3级,东风
2013-04-15,多云转阵雨,29,18,3-4级,西南风
2013-04-16,阵雨转多云,26,17,小于3级,西南风
2013-04-17,多云转阴,24,17,小于3级,南风
2013-04-18,阴,15,10,小于3级~4-5级,东北风
2013-04-19,中雨,12,8,4-5级~3-4级,东风
2013-04-20,多云转晴,16,6,小于3级,北风
2013-04-21,晴转阵雨,21,9,3-4级~小于3级,东风
2013-04-22,阵雨转中雨,20,13,小于3级,南风
2013-04-23,中雨转阴,21,13,小于3级,西南风
2013-04-24,多云转晴,26,13,小于3级,南风
2013-04-25,晴,28,12,小于3级,西北风
2013-04-26,晴,29,14,3-4级,北风
2013-04-27,晴转多云,29,15,3-4级,西南风
2013-04-28,多云转雷阵雨,29,18,小于3级,南风
2013-04-29,暴雨,22,13,小于3级,东北风
2013-04-30,阴转多云,23,11,4-5级~小于3级,北风
2013-05-01,晴转多云,25,13,3-4级~小于3级,北风
2013-05-02,晴转多云,26,14,小于3级,东风
2013-05-03,多云,27,15,小于3级,东北风
2013-05-04,多云转阴,25,15,小于3级,东风
2013-05-05,阵雨,23,18,小于3级,北风
2013-05-06,阵雨,22,18,小于3级,东风
2013-05-07,阵雨,22,19,小于3级,东南风
2013-05-08,阵雨转中雨,24,18,小于3级,南风
2013-05-09,中雨转多云,27,19,小于3级,西北风
2013-05-10,阴转多云,29,19,小于3级,西北风
2013-05-11,晴,31,18,小于3级,南风
2013-05-12,晴,33,19,小于3级,东风
2013-05-13,晴转多云,33,19,小于3级,东南风
2013-05-14,多云转阵雨,28,22,小于3级,东风
2013-05-15,暴雨转中雨,22,19,小于3级,北风
2013-05-16,阵雨,23,19,3-4级,东北风
2013-05-17,小雨转中雨,23,19,小于3级,东风
2013-05-18,阵雨转多云,27,20,小于3级,西北风
2013-05-19,多云,31,21,小于3级,西南风
2013-05-20,多云,32,20,小于3级,北风
2013-05-21,晴转多云,32,20,小于3级,东风
2013-05-22,多云转阴,28,22,小于3级,东北风
2013-05-23,阴转多云,31,21,小于3级,东北风
2013-05-24,多云转晴,34,23,小于3级,东北风
2013-05-25,多云转阵雨,28,23,小于3级,南风
2013-05-26,中雨转小雨,28,23,小于3级~3-4级,南风
2013-05-27,多云转晴,33,21,4-5级~3-4级,西北风
2013-05-28,晴转阵雨,34,22,小于3级,东风
2013-05-29,中雨转大雨,27,21,3-4级,北风
2013-05-30,小雨转阵雨,26,17,4-5级~小于3级,西北风
2013-05-31,阴转阵雨,26,21,4-5级~小于3级,西南风
2013-06-01,中雨转小雨,25,20,小于3级,东北风
2013-06-02,阴转多云,29,17,小于3级,西南风
2013-06-03,晴转多云,30,18,小于3级,东风
2013-06-04,多云,29,20,小于3级,北风
2013-06-05,多云,32,21,小于3级,东风
2013-06-06,中雨转暴雨,25,22,小于3级,西风
2013-06-07,中雨转阴,24,22,小于3级,西北风
2013-06-08,阴转多云,26,20,小于3级~4-5级,西北风
2013-06-09,阴,25,19,4-5级,北风
2013-06-10,小雨,25,20,小于3级,西北风
2013-06-11,小雨转多云,26,19,3-4级~小于3级,西北风
2013-06-12,阴转多云,26,19,小于3级,北风
2013-06-13,阴转小雨,25,19,小于3级,东风
2013-06-14,阵雨,29,20,小于3级~3-4级,西风
2013-06-15,多云转雷阵雨,34,24,小于3级,东风
2013-06-16,多云转晴,35,25,小于3级,西南风
2013-06-17,多云转雷阵雨,36,26,小于3级,北风
2013-06-18,多云转雷阵雨,36,27,小于3级,西南风
2013-06-19,多云转雷阵雨,33,26,小于3级,西南风
2013-06-20,阴转多云,31,23,小于3级,东北风
2013-06-21,多云转阵雨,31,25,3-4级~小于3级,东风
2013-06-22,多云转雷阵雨,31,25,小于3级,东北风
2013-06-23,阵雨转中雨,31,26,小于3级,北风
2013-06-24,阵雨转大雨,31,25,3-4级,北风
2013-06-25,中雨,30,25,小于3级,西南风
2013-06-26,大雨转暴雨,25,23,3-4级,西风
2013-06-27,大雨,25,22,小于3级,西北风
2013-06-28,大雨,27,22,小于3级,东北风
2013-06-29,阵雨转雷阵雨,31,23,小于3级,北风
2013-06-30,多云,35,25,小于3级,西南风
2013-07-01,多云转晴,37,26,小于3级,西南风
2013-07-02,晴,37,27,小于3级,西南风
2013-07-03,晴转多云,37,28,4-5级~3-4级,西南风
2013-07-04,多云转雷阵雨,35,27,小于3级,西风
2013-07-05,雷阵雨转阵雨,34,25,小于3级,东北风
2013-07-06,多云,35,27,3-4级,西南风
2013-07-07,多云,36,27,小于3级,西南风
2013-07-08,多云转晴,37,28,小于3级,南风
2013-07-09,晴转多云,38,28,小于3级,西南风
2013-07-10,晴,38,28,小于3级,东风
2013-07-11,晴转多云,36,28,小于3级,东南风
2013-07-12,多云转阵雨,33,26,小于3级~3-4级,东风
2013-07-13,阵雨转多云,36,27,4-5级~5-6级,东风
2013-07-14,多云,37,28,5-6级~4-5级,南风
2013-07-15,多云,37,28,5-6级~4-5级,西南风
2013-07-16,多云,37,28,3-4级,南风
2013-07-17,晴,37,28,3-4级~小于3级,南风
2013-07-18,晴转多云,37,27,3-4级,南风
2013-07-19,晴转多云,36,28,小于3级,南风
2013-07-20,多云转雷阵雨,34,26,小于3级,西北风
2013-07-21,多云,36,26,3-4级~小于3级,西南风
2013-07-22,多云转晴,38,27,3-4级~小于3级,西南风
2013-07-23,晴,39,28,3-4级,西南风
2013-07-24,晴,40,30,小于3级,东风
2013-07-25,晴,39,30,小于3级,西南风
2013-07-26,晴,39,29,小于3级,东风
2013-07-27,晴,40,29,小于3级,南风
2013-07-28,晴转多云,40,30,小于3级,西北风
2013-07-29,晴转多云,39,30,小于3级,东北风
2013-07-30,多云转晴,40,30,小于3级,南风
2013-07-31,多云转晴,39,28,小于3级,北风
2013-08-01,多云转晴,39,27,4-5级~小于3级,南风
2013-08-02,多云,36,26,小于3级,南风
2013-08-03,多云,37,27,小于3级,西南风
2013-08-04,多云,38,28,小于3级,西北风
2013-08-05,晴,40,29,小于3级,西南风
2013-08-06,晴,40,30,3-4级~小于3级,南风
2013-08-07,晴,40,30,小于3级,东南风
2013-08-08,晴,40,30,小于3级,南风
2013-08-09,晴,41,31,小于3级,东南风
2013-08-10,晴,40,30,小于3级,西风
2013-08-11,晴,40,29,3-4级~小于3级,东北风
2013-08-12,晴,39,28,小于3级,东风
2013-08-13,晴,39,29,小于3级,南风
2013-08-14,晴转多云,37,28,小于3级,南风
2013-08-15,晴转多云,37,29,小于3级,东风
2013-08-16,多云,37,28,3-4级~小于3级,东风
2013-08-17,多云,37,28,小于3级,东北风
2013-08-18,雷阵雨转阵雨,33,26,小于3级,东北风
2013-08-19,多云,34,27,3-4级~小于3级,东风
2013-08-20,阵雨,33,27,小于3级,东风
2013-08-21,中雨,32,28,3-4级,东北风
2013-08-22,阴转多云,34,27,5-6级,东风
2013-08-23,多云转雷阵雨,35,27,小于3级,南风
2013-08-24,多云转中雨,31,28,小于3级,西北风
2013-08-25,中雨,29,26,小于3级,西风
2013-08-26,雷阵雨,33,24,3-4级,东风
2013-08-27,阴转多云,35,26,小于3级,东风
2013-08-28,多云,35,26,小于3级,西南风
2013-08-29,阵雨转中雨,32,27,小于3级,西北风
2013-08-30,阴转多云,29,24,3-4级~4-5级,东北风
2013-08-31,多云,30,21,4-5级,东北风
2013-09-01,多云,29,22,小于3级,东风
2013-09-02,晴转多云,30,21,小于3级,东北风
2013-09-03,多云,30,21,小于3级,东北风
2013-09-04,多云,28,21,4-5级~3-4级,东风
2013-09-05,阵雨,23,20,小于3级,北风
2013-09-06,小雨,24,19,小于3级,北风
2013-09-07,阴转多云,28,21,小于3级,西北风
2013-09-08,多云,32,22,小于3级,东风
2013-09-09,晴转多云,35,24,小于3级,东风
2013-09-10,多云转阵雨,34,25,小于3级,西北风
2013-09-11,多云,34,25,小于3级,西南风
2013-09-12,多云转雷阵雨,34,24,小于3级,西北风
2013-09-13,雷阵雨转阵雨,32,25,小于3级,西南风
2013-09-14,多云,32,23,小于3级,北风
2013-09-15,多云转晴,31,22,小于3级,东北风
2013-09-16,晴,30,22,小于3级,东风
2013-09-17,多云,30,22,小于3级,东风
2013-09-18,多云,30,21,小于3级,东风
2013-09-19,多云,30,22,3-4级,东风
2013-09-20,阵雨,28,23,小于3级,东风
2013-09-21,阵雨转中雨,28,24,小于3级,东风
2013-09-22,阴转多云,31,26,小于3级,东风
2013-09-23,多云,32,25,4-5级~3-4级,南风
2013-09-24,中雨,27,20,小于3级,北风
2013-09-25,阴转多云,24,18,5-6级,西北风
2013-09-26,多云,26,17,4-5级~3-4级,北风
2013-09-27,小雨转阵雨,25,19,小于3级,东风
2013-09-28,阵雨转阴,25,19,小于3级,西风
2013-09-29,多云,27,19,小于3级,西北风
2013-09-30,多云转晴,28,18,小于3级,北风
2013-10-01,多云,26,18,小于3级,西北风
2013-10-02,多云转晴,26,16,小于3级~3-4级,东北风
2013-10-03,晴转多云,26,16,3-4级~小于3级,东北风
2013-10-04,晴转多云,26,16,小于3级,东风
2013-10-05,阵雨转中雨,24,18,小于3级,东北风
2013-10-06,暴雨,23,21,小于3级,北风
2013-10-07,大雨转中雨,24,21,7-8级,北风
2013-10-08,小雨转阴,24,19,4-5级~3-4级,西北风
2013-10-09,阴转多云,28,19,小于3级,南风
2013-10-10,晴,31,20,小于3级,西南风
2013-10-11,多云转晴,28,19,小于3级,东风
2013-10-12,多云转晴,28,18,小于3级,东风
2013-10-13,多云转晴,28,18,小于3级,东风
2013-10-14,多云~小雨,28,14,小于3级,西风
2013-10-15,阴转多云,18,11,小于3级,西北风
2013-10-16,多云转阴,20,12,5-6级~4-5级,北风
2013-10-17,多云转阴,21,15,小于3级,西北风
2013-10-18,阴转小雨,22,16,小于3级,北风
2013-10-19,阴,22,16,小于3级,西风
2013-10-20,多云转晴,23,14,小于3级,西北风
2013-10-21,多云,21,13,小于3级,西北风
2013-10-22,多云,22,13,小于3级,西北风
2013-10-23,多云,22,14,小于3级,西北风
2013-10-24,多云,18,11,小于3级,北风
2013-10-25,晴,19,9,4-5级,西北风
2013-10-26,晴转多云,20,10,4-5级~小于3级,西北风
2013-10-27,晴转多云,23,11,小于3级,东风
2013-10-28,晴转多云,25,13,小于3级,西北风
2013-10-29,多云,24,15,小于3级,东南风
2013-10-30,小雨,23,18,小于3级,东北风
2013-10-31,阴转多云,23,17,小于3级,东风
2013-11-01,多云转小雨,22,17,小于3级,东北风
2013-11-02,阴转小雨,22,18,小于3级,东北风
2013-11-03,阴转多云,21,15,小于3级,西北风
2013-11-04,晴转多云,22,11,小于3级,西北风
2013-11-05,多云转阴,24,12,小于3级,南风
2013-11-06,多云转晴,23,13,小于3级~3-4级,北风
2013-11-07,晴转多云,25,13,小于3级,西南风
2013-11-08,多云,28,16,小于3级,西北风
2013-11-09,阵雨转小雨,23,15,小于3级,西南风
2013-11-10,阴,15,11,4-5级~5-6级,西北风
2013-11-11,阴转小雨,15,11,3-4级~小于3级,北风
2013-11-12,小雨转阴,15,10,小于3级,北风
2013-11-13,小雨,16,13,小于3级,西北风
2013-11-14,阴转多云,18,10,小于3级,西南风
2013-11-15,晴,20,8,小于3级,西北风
2013-11-16,晴,15,8,小于3级,西北风
2013-11-17,晴,16,6,3-4级,西北风
2013-11-18,晴,16,4,3-4级~小于3级,南风
2013-11-19,晴,18,6,小于3级,南风
2013-11-20,晴转多云,21,8,小于3级,西北风
2013-11-21,多云,20,9,小于3级,西南风
2013-11-22,晴转多云,21,9,小于3级,西风
2013-11-23,多云转中雨,16,12,小于3级,南风
2013-11-24,阴转多云,15,5,小于3级~4-5级,西风
2013-11-25,晴,15,4,5-6级~小于3级,西南风
2013-11-26,多云,11,5,小于3级,西北风
2013-11-27,多云,9,1,3-4级~5-6级,北风
2013-11-28,晴,10,-1,5-6级~4-5级,西北风
2013-11-29,晴,14,1,小于3级,西南风
2013-11-30,晴,13,4,小于3级,南风
2013-12-01,晴,17,3,小于3级~3-4级,西南风
2013-12-02,晴转多云,18,5,小于3级,南风
2013-12-03,多云,16,8,小于3级,西北风
2013-12-04,多云转晴,17,7,3-4级,东南风
2013-12-05,多云,16,8,小于3级,西北风
2014-01-01,晴,17,3,小于3级,南风
2014-01-02,多云,16,4,小于3级,西北风
2013-12-06,雾转霾,16,5,3-4级~小于3级,北风
2013-12-07,雾转霾,17,7,小于3级,西北风
2013-12-08,霾转阴,14,9,小于3级,南风
2013-12-09,多云转晴,9,2,小于3级~5-6级,西北风
2013-12-10,晴转多云,12,3,4-5级~小于3级,西北风
2013-12-11,晴转多云,13,4,3-4级~小于3级,东风
2013-12-12,阴转多云,13,3,小于3级,南风
2013-12-13,多云,14,5,小于3级~3-4级,东风
2013-12-14,阴转阵雨,10,7,小于3级,西北风
2013-12-15,小雨转中雨,10,5,小于3级,东南风
2014-01-03,多云转晴,11,4,小于3级~3-4级,北风
2014-01-04,霾转晴,12,2,3-4级,西风
2014-01-05,晴,14,3,小于3级,东风
2014-01-06,晴转多云,14,4,小于3级,西北风
2014-01-07,小雨,8,5,小于3级,西北风
2014-01-08,阴转多云,6,1,小于3级~4-5级,东北风
2014-01-09,多云,7,-1,3-4级~小于3级,北风
2013-12-16,大雨转中雨,6,4,小于3级,西北风
2013-12-17,雨夹雪,6,1,小于3级,西北风
2013-12-18,多云转晴,8,-1,小于3级~4-5级,西北风
2013-12-19,多云转晴,7,0,3-4级~小于3级,西风
2013-12-20,多云,6,-2,小于3级,西北风
2013-12-21,晴,7,-2,3-4级,西北风
2014-01-10,小雨,7,3,小于3级,东北风
2014-01-11,小雨,5,3,小于3级,东风
2014-01-12,小雨转阴,5,0,小于3级,西北风
2013-12-22,晴转多云,8,-2,小于3级,西北风
2013-12-23,晴转多云,8,0,小于3级,西北风
2013-12-24,晴转多云,9,0,小于3级,西北风
2013-12-25,多云转阴,9,0,小于3级,西北风
2013-12-26,阴转多云,5,-1,3-4级~4-5级,北风
2013-12-27,晴,5,-4,4-5级~小于3级,西北风
2013-12-28,晴,7,-4,3-4级~小于3级,西南风
2013-12-29,多云转晴,10,-2,小于3级,西风
2014-01-13,阴,6,-1,3-4级,北风
2014-01-14,晴,7,-1,小于3级,西北风
2014-01-15,晴,11,0,小于3级,西南风
2014-01-16,多云,12,0,小于3级,东北风
2014-01-17,多云转晴,9,2,小于3级,西北风
2014-01-18,霾,10,0,小于3级,南风
2014-01-19,霾转多云,11,3,小于3级,南风
2013-12-30,晴,10,0,小于3级,西南风
2013-12-31,晴,16,2,小于3级,南风
2014-01-20,多云转晴,11,-2,小于3级~3-4级,西北风
2014-01-21,晴,8,-2,3-4级~小于3级,西北风
2014-01-22,晴,12,-1,小于3级,东南风
2014-01-23,晴,17,1,小于3级,南风
2014-01-24,多云,19,7,小于3级,南风
2014-01-25,阴转多云,11,5,小于3级~3-4级,东北风
2014-01-26,多云,11,2,4-5级,东风
2014-01-27,晴转多云,14,5,3-4级,南风
2014-01-28,阴转小雨,14,7,小于3级,东风
2014-01-29,多云转晴,20,8,小于3级,西风
2014-01-30,晴,23,9,小于3级,西北风
2014-01-31,霾转多云,24,12,小于3级,南风
2014-02-01,多云,23,13,小于3级,西北风
2014-02-02,多云,23,13,小于3级,东风
2014-02-03,小雨转阴,11,4,小于3级,东北风
2014-02-04,小雨,8,4,4-5级,东风
2014-02-05,小雨,8,6,小于3级,北风
2014-02-06,小雨转中雨,8,4,小于3级,西北风
2014-02-07,小雨转阴,7,2,3-4级,北风
2014-02-08,阴转雨夹雪,3,1,小于3级,北风
2014-02-09,小雪,3,-1,3-4级~4-5级,北风
2014-02-10,多云,4,-3,4-5级~3-4级,西北风
2014-02-11,多云转阴,4,1,4-5级~3-4级,西北风
2014-02-12,中雪,4,0,小于3级,西北风
2014-02-13,阴转多云,7,1,小于3级,北风
2014-02-14,多云,10,0,小于3级,西北风
2014-02-15,小雨,9,5,小于3级,东风
2014-02-16,小雨,9,7,小于3级,西北风
2014-02-17,小雨转中雨,9,5,小于3级,西北风
2014-02-18,中雪转阴,4,-1,小于3级,西北风
2014-02-19,多云转晴,8,-3,3-4级,西风
2014-02-20,晴,10,0,小于3级,西南风
2014-02-21,多云,13,2,小于3级,东风
2014-02-22,多云,14,4,小于3级,西北风
2014-02-23,多云转小雨,10,5,小于3级,东风
2014-02-24,中雨转大雨,11,8,小于3级,东风
2014-02-25,小雨转阴,14,9,小于3级,西风
2014-02-26,多云,15,7,小于3级,东风
2014-02-27,小雨,12,9,小于3级,东风
2014-02-28,中雨转小雨,9,7,小于3级,东北风
2014-03-01,小雨转阴,10,4,小于3级,北风
2014-03-02,多云转阴,11,5,3-4级~小于3级,东风
2014-03-03,小雨,11,8,小于3级,东风
2014-03-04,阴转多云,12,6,小于3级,北风
2014-03-05,雨夹雪转阴,6,2,小于3级,东北风
2014-03-06,阴转小雨,8,2,小于3级,西北风
2014-03-07,小雨,7,5,3-4级,东风
2014-03-08,阴转多云,12,3,小于3级,西风
2014-03-09,晴,15,2,小于3级,西南风
2014-03-10,晴,15,5,小于3级,南风
2014-03-11,阵雨转小雨,17,11,小于3级,西南风
2014-03-12,小雨转多云,13,6,3-4级~小于3级,北风
2014-03-13,多云转晴,16,2,4-5级~小于3级,西南风
2014-03-14,晴,20,5,小于3级,西南风
2014-03-15,晴转多云,23,9,小于3级,南风
2014-03-16,阵雨转多云,25,13,小于3级,西南风
2014-03-17,多云,27,14,3-4级,南风
2014-03-18,多云转中雨,23,12,小于3级,东北风
2014-03-19,小雨转多云,13,8,小于3级~4-5级,北风
2014-03-20,阴转晴,15,4,4-5级,西北风
2014-03-21,晴,19,5,3-4级,西风
2014-03-22,晴转多云,23,7,小于3级,西北风
2014-03-23,多云,24,12,小于3级,南风
2014-03-24,阵雨,22,15,小于3级,西南风
2014-03-25,多云转阴,24,14,小于3级,南风
2014-03-26,多云,25,14,小于3级,东北风
2014-03-27,多云转阵雨,23,15,小于3级,西北风
2014-03-28,阵雨转中雨,22,17,小于3级,南风
2014-03-29,阴转多云,22,13,小于3级,东北风
2014-03-30,阵雨,17,12,小于3级,东风
2014-03-31,阴,18,10,小于3级,北风
2014-04-01,阴,19,11,3-4级~小于3级,西北风
2014-04-02,阴转阵雨,19,13,小于3级,东北风
2014-04-03,多云转晴,19,8,小于3级~3-4级,东北风
2014-04-04,晴,23,8,4-5级,北风
2014-04-05,晴转多云,18,9,小于3级~3-4级,东北风
2014-04-06,阵雨转阴,19,11,3-4级~小于3级,东南风
2014-04-07,阴转多云,22,12,小于3级,西南风
2014-04-08,多云,24,13,小于3级,西北风
2014-04-09,晴转多云,27,12,小于3级,北风
2014-04-10,多云转阵雨,25,15,小于3级,西风
2014-04-11,阵雨转中雨,21,16,小于3级~3-4级,西风
2014-04-12,阵雨转阴,19,14,小于3级,北风
2014-04-13,阴转多云,21,11,小于3级,东北风
2014-04-14,晴转多云,23,11,3-4级~小于3级,西北风
2014-04-15,阵雨,22,15,小于3级,北风
2014-04-16,多云转阵雨,28,17,3-4级,西风
2014-04-17,阴转多云,24,18,小于3级,东北风
2014-04-18,阵雨转中雨,18,14,小于3级,东风
2014-04-19,阵雨转阴,18,13,小于3级,北风
2014-04-20,阵雨转中雨,17,14,小于3级,东风
2014-04-21,小雨转阵雨,17,12,3-4级~小于3级,东北风
2014-04-22,多云,22,11,小于3级,西南风
2014-04-23,阴转阵雨,19,13,小于3级,南风
2014-04-24,阵雨,22,17,小于3级,东风
2014-04-25,中雨,21,16,小于3级~3-4级,东风
2014-04-26,阵雨转阴,23,17,3-4级,北风
2014-04-27,多云,23,14,小于3级,西风
2014-04-28,多云转晴,25,13,小于3级,西南风
2014-04-29,晴,26,13,3-4级~小于3级,东北风
2014-04-30,多云转晴,28,15,小于3级,西南风
2014-06-01,阵雨转阴,29,22,小于3级,西南风
2014-06-02,多云,30,21,小于3级,西北风
2014-06-03,多云,29,19,小于3级,西南风
2014-06-04,多云,29,19,3-4级,西南风
2014-06-05,多云,31,20,3-4级,西北风
2014-06-06,多云,32,22,小于3级,西风
2014-06-07,多云,32,22,小于3级,西风
2014-06-08,多云,32,22,小于3级,西风
2014-06-09,多云转阴,29,22,3-4级,东北风
2014-06-10,多云,30,21,东风转东北风小于3级,北风
2014-06-11,多云,30,20,东风小于3级,南风
2014-06-12,晴转多云,31,20,微风,西风
2014-06-13,晴转多云,33,20,东风小于3级,南风
2014-06-14,多云,32,23,东风3-4级,西北风
2014-06-15,多云转阵雨,30,24,东风小于3级,东北风
2014-06-16,阵雨转中雨,28,25,微风,西北风
2014-06-17,阴转多云,30,22,微风,西南风
2014-06-18,多云转阴,31,23,东风3-4级,西北风
2014-06-19,阵雨转雷阵雨,30,24,东风转南风小于3级,西北风
2014-06-20,中雨转大雨,26,23,东南风转东北风小于3级,北风
2014-06-21,中雨,24,22,微风,北风
2014-06-22,阵雨,26,21,东风小于3级,东风
2014-06-23,阴,28,20,东南风小于3级,西南风
2014-06-24,阵雨转中雨,24,21,东南风转东风小于3级,南风
2014-06-25,中雨,27,22,东风转东北风小于3级,西北风
2014-06-26,暴雨转中雨,26,22,东风小于3级,西北风
2014-06-27,阴转多云,29,22,东风小于3级,西南风
2014-06-28,阵雨,28,20,东风小于3级,南风
2014-06-29,阵雨转中雨,25,21,东风转东南风小于3级,西南风
2014-06-30,中雨转阵雨,26,20,东风小于3级,南风
2014-07-01,阵雨转中雨,29,23,东北风转东风小于3级,西南风
2014-07-02,阵雨转多云,30,23,微风转东风小于3级,东风
2014-07-03,多云转阵雨,30,23,东北风小于3级,东风
2014-07-04,阵雨转中雨,29,22,微风,东风
2014-07-05,阵雨,30,24,东南风转西北风小于3级,西北风
2014-07-06,阴转多云,31,23,东风小于3级,西北风
2014-07-07,多云,31,23,东北风小于3级转4-5级,东北风
2014-07-08,多云,33,24,东北风4-5级转3-4级,北风
2014-07-09,多云转晴,35,25,东北风3-4级转小于3级,西南风
2014-07-10,多云转雷阵雨,35,26,东风小于3级,西北风
2014-07-11,阵雨转中雨,32,26,小于3级,西风
2014-07-12,雷阵雨转大雨,30,25,小于3级,南风
2014-07-13,中雨转阴,28,22,小于3级,西南风
2014-07-14,中雨,29,24,小于3级,东风
2014-07-15,阴转雷阵雨,33,22,小于3级,西南风
2014-07-16,多云,34,24,小于3级,西南风
2014-07-17,多云转晴,36,26,小于3级,南风
2014-07-18,多云转晴,36,27,小于3级,南风
2014-07-19,多云转晴,37,27,小于3级,东风
2014-07-20,晴,37,27,小于3级,东风
2014-07-21,多云,37,27,小于3级,东风
2014-07-22,晴转阵雨,34,27,小于3级,南风
2014-07-23,阵雨转中雨,32,28,小于3级,东风
2014-07-24,中雨转阵雨,31,25,4-5级,南风
2014-07-25,多云转雷阵雨,33,25,5-6级~3-4级,东北风
2014-07-26,多云转雷阵雨,34,27,小于3级,西北风
2014-07-27,多云转雷阵雨,34,25,小于3级,西南风
2014-07-28,多云,35,25,小于3级,西南风
2014-07-29,多云转晴,36,26,小于3级,东风
2014-07-30,晴转多云,34,27,小于3级,东风
2014-07-31,阵雨转中雨,30,25,小于3级,北风
2014-08-01,阵雨,30,25,3-4级~5-6级,西北风
2014-08-02,阴转多云,34,25,4-5级,东南风
2014-08-03,晴,36,26,3-4级,西北风
2014-08-04,多云转雷阵雨,36,26,3-4级~小于3级,东风
2014-08-05,多云,36,26,小于3级,东北风
2014-08-06,多云,34,26,小于3级,西北风
2014-08-07,阵雨转雷阵雨,33,26,小于3级,西北风
2014-08-08,多云,32,26,小于3级,西北风
2014-08-09,多云,32,25,小于3级,北风
2014-08-10,多云转阵雨,30,25,小于3级,西风
2014-08-11,阵雨,28,24,小于3级,西北风
2014-08-12,阵雨,28,22,小于3级,北风
2014-08-13,阵雨转中雨,28,25,小于3级,西北风
2014-08-14,阵雨转阴,30,22,小于3级,西北风
2014-08-15,阵雨,27,23,小于3级,南风
2014-08-16,中雨,25,22,小于3级,东风
2014-08-17,阴转阵雨,28,21,小于3级,北风
2014-08-18,大雨,24,21,小于3级,西北风
2014-08-19,中雨转小雨,25,21,小于3级,西北风
2014-08-20,阴转多云,31,21,小于3级,西南风
2014-08-21,多云,33,23,小于3级,南风
2014-08-22,多云转雷阵雨,32,24,小于3级,西南风
2014-08-23,多云转雷阵雨,32,26,小于3级,西南风
2014-08-24,雷阵雨转阵雨,30,24,小于3级,西北风
2014-08-25,阴转雷阵雨,30,24,小于3级,东北风
2014-08-26,阵雨,30,24,小于3级,东风
2014-08-27,多云转雷阵雨,31,23,小于3级,西北风
2014-08-28,多云转雷阵雨,29,24,小于3级,西南风
2014-08-29,阴转多云,31,24,小于3级,西风
2014-08-30,阴转雷阵雨,30,23,小于3级,西北风
2014-08-31,雷阵雨转阵雨,29,23,小于3级,西南风
2014-09-01,多云,32,24,小于3级,西风
2014-09-02,中雨转阵雨,28,23,小于3级,南风
2014-09-03,多云,30,21,3-4级,西北风
2014-09-04,多云,31,21,小于3级,东风
2014-09-05,多云,31,23,小于3级,东风
2014-09-06,多云,31,23,小于3级,东风
2014-09-07,多云,31,24,小于3级,东北风
2014-09-08,阵雨,29,23,小于3级,东风
2014-09-09,阴转阵雨,28,24,小于3级,东南风
2014-09-10,阴转多云,29,23,小于3级,东北风
2014-09-11,阴转阵雨,30,23,小于3级,东北风
2014-09-12,阵雨,28,24,小于3级,西北风
2014-09-13,阴转多云,28,22,小于3级,北风
2014-09-14,小雨转阴,27,22,小于3级,东风
2014-09-15,阴,27,22,小于3级,东风
2014-09-16,阴转多云,30,22,小于3级,东风
2014-09-17,多云转中雨,27,22,小于3级,东风
2014-09-18,中雨转小雨,21,19,小于3级~3-4级,东北风
2014-09-19,阵雨转阴,23,17,3-4级,西风
2014-09-20,阵雨,24,19,3-4级,北风
2014-09-21,中雨转大雨,24,20,小于3级~4-5级,北风
2014-09-22,大雨转阵雨,24,20,4-5级~5-6级,西北风
2014-09-23,阴,27,21,6-7级,西风
2014-09-24,多云,28,21,小于3级,西南风
2014-09-25,阴转多云,29,21,小于3级,东风
2014-09-26,多云,31,21,小于3级,东北风
2014-09-27,多云,32,23,小于3级,东北风
2014-09-28,多云转阵雨,31,24,小于3级,东风
2014-09-29,小雨,24,20,小于3级,北风
2014-09-30,阴转多云,24,17,3-4级~4-5级,东北风
2014-10-01,多云,27,17,3-4级,南风
2014-10-02,多云,26,18,小于3级,西北风
2014-10-03,多云,25,16,小于3级,东北风
2014-10-04,多云,26,17,小于3级,东北风
2014-10-05,晴,25,17,小于3级,西北风
2014-10-06,晴转多云,25,14,小于3级,西北风
2014-10-07,晴,25,15,3-4级,东南风
2014-10-08,晴转多云,25,16,小于3级,东风
2014-10-09,多云转阴,24,18,小于3级,东北风
2014-10-10,阴,24,18,小于3级~3-4级,北风
2014-10-11,阴转阵雨,24,19,小于3级,北风
2014-10-12,多云,22,16,3-4级~4-5级,北风
2014-10-13,晴,21,12,5-6级~4-5级,北风
2014-10-14,晴转多云,23,11,小于3级,西风
2014-10-15,晴转多云,25,12,小于3级,南风
2014-10-16,晴转多云,25,14,小于3级,东风
2014-10-17,多云,27,17,小于3级,东北风
2014-10-18,晴,27,17,小于3级,东北风
2014-10-19,晴转多云,30,18,小于3级,南风
2014-10-20,多云转阵雨,27,19,小于3级,北风
2014-10-21,阴转多云,25,15,小于3级~5-6级,北风
2014-10-22,晴,25,13,4-5级~3-4级,西北风
2014-10-23,晴转多云,25,14,3-4级~小于3级,东风
2014-10-24,晴转多云,27,15,小于3级,西北风
2014-10-25,晴转多云,28,16,小于3级,西北风
2014-10-26,多云转阴,24,17,小于3级,东北风
2014-10-27,多云,22,14,3-4级~4-5级,东北风
2014-10-28,多云转阴,22,16,4-5级,东风
2014-10-29,阵雨,20,16,小于3级,西北风
2014-10-30,阵雨,22,18,小于3级,东风
2014-10-31,小雨转阵雨,22,18,小于3级,西北风
2014-11-01,小雨转多云,18,14,小于3级,西北风
2014-11-02,多云转晴,18,9,4-5级~5-6级,西北风
2014-11-03,晴,19,8,4-5级~小于3级,东南风
2014-11-04,晴转多云,21,9,小于3级,西北风
2014-11-05,阴转多云,21,15,小于3级,北风
2014-11-06,多云,18,11,小于3级,西南风
2014-11-07,阵雨,15,12,3-4级~小于3级,东北风
2014-11-08,阵雨,15,12,小于3级,东北风
2014-11-09,阵雨,15,12,小于3级,东北风
2014-11-10,多云,18,12,小于3级,西北风
2014-11-11,阴转多云,19,11,小于3级,西风
2014-11-12,多云,14,8,3-4级~4-5级,西北风
2014-11-13,多云转晴,17,5,小于3级,西北风
2014-11-14,晴转多云,18,7,小于3级,东南风
2014-11-15,小雨转阴,16,12,小于3级,西南风
2014-11-16,多云,15,9,小于3级,西北风
2014-11-17,晴转多云,16,6,3-4级,西北风
2014-11-18,多云,17,7,小于3级,西北风
2014-11-19,阴转多云,18,8,小于3级,西南风
2014-11-20,多云转阴,22,10,小于3级,西北风
2014-11-21,多云,21,13,小于3级,西北风
2014-11-22,多云,24,14,小于3级,北风
2014-11-23,阴转阵雨,23,17,小于3级,北风
2014-11-24,小雨,14,12,小于3级,北风
2014-11-25,小雨转多云,16,10,小于3级,西北风
2014-11-26,多云,20,9,小于3级,东南风
2014-11-27,小雨转阴,18,14,小于3级,南风
2014-11-28,小雨,17,12,小于3级,西南风
2014-11-29,阵雨转中雨,15,10,小于3级~3-4级,南风
2014-11-30,小雨转多云,11,5,小于3级~5-6级,西北风
2014-12-01,多云转晴,9,1,6-7级,北风
2014-12-02,多云转小雨,8,1,4-5级~3-4级,东南风
2014-12-03,小雨转多云,9,3,小于3级,北风
2014-12-04,晴,9,-1,小于3级~3-4级,西北风
2014-12-05,晴,11,-1,小于3级,西北风
2014-12-06,多云转阴,12,3,小于3级,东南风
2014-12-07,多云转晴,12,3,小于3级,北风
2014-12-08,晴转多云,12,3,4-5级~3-4级,西北风
2014-12-09,阴转小雨,12,6,小于3级,东风
2014-12-10,小雨转阴,8,5,3-4级~小于3级,北风
2014-12-11,阴转多云,9,1,4-5级,西北风
2014-12-12,晴,9,-1,3-4级,西风
2014-12-13,晴,11,0,小于3级,北风
2014-12-14,晴转多云,12,2,小于3级,西南风
2014-12-15,阴转多云,6,1,小于3级~4-5级,西北风
2014-12-16,晴,8,-2,5-6级,西北风
2014-12-17,晴,10,-2,4-5级,南风
2014-12-18,多云转阴,11,3,3-4级~小于3级,西北风
2014-12-19,多云转晴,10,1,小于3级,西北风
2014-12-20,晴转多云,8,0,小于3级~4-5级,西北风
2014-12-21,多云转晴,9,-2,3-4级~4-5级,西北风
2014-12-22,晴转多云,12,0,4-5级~3-4级,东南风
2014-12-23,晴转多云,14,3,小于3级,西北风
2014-12-24,晴转多云,10,3,小于3级~3-4级,北风
2014-12-25,阴转多云,10,3,3-4级,东风
2014-12-26,多云,11,4,小于3级,东南风
2014-12-27,阴转多云,11,5,小于3级,西北风
2014-12-28,多云转晴,15,3,小于3级,西南风
2014-12-29,晴,17,5,小于3级,南风
2014-12-30,晴转多云,12,4,小于3级,南风
2014-12-31,多云转晴,7,-1,3-4级~6-7级,西北风
2015-01-01,晴,9,-3,6-7级~4-5级,西南风
2015-01-02,晴,13,0,小于3级,西风
2015-01-03,晴,18,5,小于3级,南风
2015-01-04,晴转多云,20,6,小于3级,西北风
2015-01-05,阴转小雨,10,4,小于3级,西北风
2015-01-06,雨夹雪转阴,8,1,4-5级~5-6级,东北风
2015-01-07,多云转晴,10,-1,4-5级~小于3级,西北风
2015-01-08,晴,12,0,小于3级,东北风
2015-01-09,晴转多云,14,2,小于3级,西北风
2015-01-10,多云,15,4,小于3级,西南风
2015-01-11,晴转多云,13,3,小于3级,西北风
2015-01-12,小雨,8,5,小于3级,东风
2015-01-13,中雨转小雨,9,5,小于3级,西北风
2015-01-14,阴,10,5,小于3级,北风
2015-01-15,多云,11,3,3-4级~小于3级,南风
2015-01-16,晴转多云,10,3,小于3级~3-4级,西北风
2015-01-17,多云转晴,11,2,小于3级,东风
2015-01-18,多云转晴,13,2,小于3级,西北风
2015-01-19,多云转阴,12,3,小于3级,东南风
2015-01-20,小雨转多云,17,7,小于3级,南风
2015-01-21,多云转晴,11,2,小于3级~3-4级,西北风
2015-01-22,晴,13,0,4-5级~小于3级,北风
2015-01-23,多云,18,3,小于3级,西南风
2015-01-24,小雨,14,10,小于3级,东风
2015-01-25,小雨转阴,12,8,小于3级,东北风
2015-01-26,小雨,9,5,小于3级,北风
2015-01-27,雨夹雪,5,1,4-5级,东北风
2015-01-28,小雨转中雨,5,2,4-5级~3-4级,东北风
2015-01-29,雨夹雪转阴,5,2,小于3级,西北风
2015-01-30,阴转多云,6,-1,3-4级~4-5级,西北风
2015-01-31,阴转小雨,7,2,小于3级,北风
2015-02-01,小雨,7,3,小于3级,西风
2015-02-02,小雨,6,2,小于3级,西北风
2015-02-03,小雨转多云,9,4,小于3级,西北风
2015-02-04,多云转晴,9,0,小于3级~3-4级,西北风
2015-02-05,晴转多云,9,-1,3-4级~4-5级,西北风
2015-02-06,多云,12,1,小于3级,西风
2015-02-07,阴转多云,8,2,小于3级,北风
2015-02-08,晴,8,-3,4-5级,东北风
2015-02-09,晴,8,-3,3-4级,东北风
2015-02-10,多云转晴,14,1,3-4级,东风
2015-02-11,多云转晴,14,1,小于3级~3-4级,东风
2015-02-12,晴~多云,16,4,4-5级,东风
2015-02-13,晴转多云,21,5,小于3级,北风
2015-02-14,小雨,19,13,小于3级~3-4级,南风
2015-02-15,阴转多云,18,12,小于3级,北风
2015-02-16,多云,15,6,小于3级,西北风
2015-02-17,多云转晴,14,5,小于3级,东风
2015-02-18,晴转多云,12,3,小于3级~3-4级,东风
2015-02-19,小雨,12,6,小于3级,东风
2015-02-20,中雨转小雨,12,9,3-4级~小于3级,西风
2015-02-21,阴转小雨,13,7,小于3级,东北风
2015-02-22,小雨,10,6,小于3级,东北风
2015-02-23,小雨转阴,12,7,小于3级,东北风
2015-02-24,小雨,11,8,小于3级,东风
2015-02-25,小雨转中雨,9,7,小于3级,东北风
2015-02-26,小雨转中雨,8,6,小于3级,东北风
2015-02-27,大雨,6,4,小于3级,东北风
2015-02-28,小雨转多云,9,3,3-4级,北风
2015-03-01,晴转多云,14,3,4-5级~小于3级,西南风
2015-03-02,小雨,12,7,3-4级~小于3级,西北风
2015-03-03,阴转小雨,8,3,小于3级~4-5级,东北风
2015-03-04,雨夹雪转中雪,4,1,4-5级~3-4级,南风
2015-03-05,雨夹雪转小雨,6,3,小于3级,东北风
2015-03-06,阴转多云,11,3,小于3级,西风
2015-03-07,小雨转中雨,10,5,小于3级,东风
2015-03-08,小雨转阴,11,6,小于3级,西北风
2015-03-09,阴转多云,10,3,小于3级~4-5级,东北风
2015-03-10,多云,12,3,4-5级~3-4级,东风
2015-03-11,阴转多云,17,5,3-4级~小于3级,西风
2015-03-12,晴,22,7,小于3级,南风
2015-03-13,多云转阵雨,16,10,小于3级,北风
2015-03-14,中雨转阵雨,13,9,小于3级,东风
2015-03-15,中雨转阴,18,10,小于3级,东北风
2015-03-16,多云转阵雨,26,13,3-4级~小于3级,东北风
2015-03-17,雷阵雨转阵雨,25,17,小于3级,东北风
2015-03-18,中雨转阴,18,12,小于3级,北风
2015-03-19,小雨转小到中雨,15,11,小于3级,南风
2015-03-20,小雨转多云,19,11,小于3级,西北风
2015-03-21,多云转晴,19,9,小于3级,西南风
2015-03-22,多云转阴,16,8,小于3级,东风
2015-03-23,多云,16,6,小于3级,东北风
2015-03-24,晴转多云,17,7,小于3级,东风
2015-03-25,晴转阵雨,18,8,小于3级,东北风
2015-03-26,阵雨,17,10,3-4级,东北风
2015-03-27,阴转多云,22,9,3-4级~小于3级,南风
2015-03-28,晴转多云,25,12,小于3级,北风
2015-03-29,中雨,20,14,小于3级,西北风
2015-03-30,多云,28,17,小于3级,南风
2015-03-31,多云,30,20,小于3级~3-4级,南风
2015-04-01,多云转雷阵雨,34,21,小于3级,东风
2015-04-02,中雨转小雨,24,17,小于3级,东北风
2015-04-03,阴转多云,29,13,4-5级,东风
2015-04-04,阵雨转雷阵雨,22,15,3-4级,北风
2015-04-05,中雨,15,10,小于3级,北风
2015-04-06,中雨,10,6,4-5级~5-6级,北风
2015-04-07,小雨转阴,12,4,4-5级~5-6级,东北风
2015-04-08,多云转小到中雨,14,6,4-5级~小于3级,东风
2015-04-09,阴转多云,17,9,小于3级,暂无实况
2015-04-10,多云,20,9,小于3级,北风
2015-04-11,多云,22,10,小于3级,东北风
2015-04-12,阵雨转阴,17,11,小于3级,北风
2015-04-13,阴转多云,20,8,4-5级~5-6级,西南风
2015-04-14,晴转多云,24,10,5-6级~4-5级,南风
2015-04-15,阴转多云,25,15,4-5级,西风
2015-04-16,晴转多云,27,13,3-4级~小于3级,东风
2015-04-17,多云,28,19,3-4级~小于3级,北风
2015-04-18,中雨,26,18,小于3级,南风
2015-04-19,中到大雨转小雨,20,13,小于3级,北风
2015-04-20,多云转晴,21,9,5-6级~4-5级,西北风
2015-04-21,多云转晴,25,11,3-4级,西风
2015-04-22,晴转多云,26,13,小于3级,西南风
2015-04-23,多云转阴,24,14,小于3级,南风
2015-04-24,多云转晴,27,13,小于3级,南风
2015-04-25,晴转多云,28,15,小于3级,东风
2015-04-26,多云,26,16,小于3级,南风
2015-04-27,多云,30,19,3-4级~小于3级,西南风
2015-04-28,雷阵雨转阵雨,27,19,小于3级,北风
2015-04-29,多云转晴,28,17,3-4级~4-5级,东风
2015-04-30,晴转多云,30,15,3-4级~小于3级,东北风
2015-05-01,中雨转大雨,25,19,小于3级~3-4级,西北风
2015-05-02,阴转多云,24,16,小于3级,北风
2015-05-03,多云,26,17,小于3级,北风
2015-05-04,阵雨转多云,25,15,小于3级,南风
2015-05-05,阵雨转中雨,22,17,小于3级~3-4级,南风
2015-05-06,多云,29,18,3-4级,北风
2015-05-07,多云,29,18,小于3级,北风
2015-05-08,中到大雨~中雨,25,18,小于3级,北风
2015-05-09,中到大雨~中雨,25,18,小于3级,北风
2015-05-10,中到大雨~中雨,25,18,小于3级,北风
2015-05-11,大雨~小雨,23,15,小于3级,北风
2015-05-12,晴~多云,26,15,小于3级,西南风
2015-05-13,晴~多云,31,20,小于3级,西南风
2015-05-14,阵雨,27,21,小于3级,西南风
2015-05-15,中雨~大雨,28,18,小于3级,西北风
2015-05-16,阴~多云,24,16,小于3级,南风
2015-05-17,阴~阵雨,25,20,小于3级,西南风
2015-05-18,中雨~阴,26,20,小于3级,西南风
2015-05-19,多云,28,19,小于3级,西北风
2015-05-20,多云,27,15,小于3级,东北风
2015-05-21,晴,26,15,小于3级,东北风
2015-05-22,阵雨,29,20,小于3级,东南风
2015-05-23,多云~,26,19,小于3级,东北风
2015-05-24,多云,26,18,小于3级,东北风
2015-05-25,多云,27,19,小于3级,东北风
2015-05-26,阴,28,20,小于3级,西北风
2015-05-27,阵雨,28,22,小于3级,东北风
2015-05-28,阴~阵雨,29,22,小于3级,东北风
2015-05-29,阵雨~中雨,27,22,小于3级,西北风
2015-05-30,阴,27,20,小于3级,西南风
2015-05-31,多云,29,20,小于3级,东北风
2015-06-01,多云~阵雨,31,24,小于3级,西北风
2015-06-02,中雨~大雨,31,22,小于3级,西南风
2015-06-03,阵雨~多云,24,19,小于3级,东北风
2015-06-04,阴~阵雨,25,19,小于3级,西南风
2015-06-05,多云,29,19,小于3级,西南风
2015-06-06,晴~多云,31,21,小于3级,东南风
2015-06-07,雷雨,29,22,小于3级,西北风
2015-06-08,大到暴雨,23,20,小于3级,西北风
2015-06-09,中雨,23,20,小于3级,东南风
2015-06-10,阵雨,27,21,小于3级,西南风
2015-06-11,多云,31,23,小于3级,西南风
2015-06-12,多云~阴,33,22,小于3级,西南风
2015-06-13,阴~阵雨,31,22,小于3级,西南风
2015-06-14,中雨~大雨,25,22,小于3级,西南风
2015-06-15,中雨,25,22,小于3级,西北风
2015-06-16,中雨~阵雨,27,22,小于3级,东北风
2015-06-17,中雨~大到暴雨,29,21,小于3级,西北风
2015-06-18,阵雨~阴,24,20,小于3级,东北风
2015-06-19,多云,29,21,小于3级,南风
2015-06-20,多云,31,21,小于3级,西北风
2015-06-21,阵雨~中雨,26,22,小于3级,西南风
2015-06-22,阵雨~阴,27,21,小于3级,西南风
2015-06-23,阴~多云,31,24,小于3级,东南风
2015-06-24,雷雨~多云,34,26,小于3级,西南风
2015-06-25,多云,35,27,小于3级,西南风
2015-06-26,雷雨~阵雨,32,25,小于3级,东南风
2015-06-27,雷雨~阵雨,33,25,小于3级,东北风
2015-06-28,小雨,25,23,小于3级,东南风
2015-06-29,多云,33,24,小于3级,西南风
2015-06-30,多云~雷雨,35,23,小于3级,西北风
2015-07-01,中雨~阵雨,24,21,小于3级,西南风
2015-07-02,多云~阴,29,21,小于3级,东北风
2015-07-03,阴~多云,29,22,小于3级,东北风
2015-07-04,阵雨,24,20,小于3级,东南风
2015-07-05,中雨,21,18,小于3级,东南风
2015-07-06,中雨~阵雨,20,18,小于3级,东北风
2015-07-07,阵雨,21,18,小于3级,西北风
2015-07-08,阵雨,24,21,小于3级,东北风
2015-07-09,阵雨,28,24,小于3级,东北风
2015-07-10,中雨~中到大雨,25,23,小于3级,东北风
2015-07-11,暴雨~大雨,26,24,小于3级,西北风
2015-07-12,阵雨~多云,29,24,小于3级,西南风
2015-07-13,晴~多云,35,24,小于3级,西南风
2015-07-14,晴~多云,35,24,小于3级,东北风
2015-07-15,多云,33,23,小于3级,东北风
2015-07-16,多云~阴,30,24,小于3级,东北风
2015-07-17,雷阵雨~阵雨,31,25,小于3级,西南风
2015-07-18,雷阵雨~阵雨,31,25,小于3级,西北风
2015-07-19,多云,31,24,小于3级,东北风
2015-07-20,多云,32,25,小于3级,东北风
2015-07-21,大雨~阵雨,30,24,小于3级,东南风
2015-07-22,雷阵雨,32,26,小于3级,西南风
2015-07-23,雷阵雨,32,26,小于3级,南风
2015-07-24,雷阵雨~阴,33,26,小于3级,西南风
2015-07-25,雷阵雨~多云,33,26,小于3级,西北风
2015-07-26,雷阵雨~晴,35,26,小于3级,东北风
2015-07-27,晴,37,27,小于3级,西南风
2015-07-28,晴,38,28,小于3级,西南风
2015-07-29,晴,38,27,小于3级,西南风
2015-07-30,雷阵雨~晴,36,26,小于3级,西南风
2015-07-31,晴~多云,37,27,小于3级,南风
2015-08-01,晴,38,27,小于3级,西南风
2015-08-02,晴,38,27,小于3级,西南风
2015-08-03,晴,38,28,小于3级,西南风
2015-08-04,晴,39,28,小于3级,西南风
2015-08-05,晴,38,26,小于3级,西北风
2015-08-06,多云,38,26,小于3级,东南风
2015-08-07,雷阵雨~阵雨,34,26,小于3级,东北风
2015-08-08,中雨,32,26,小于3级,东北风
2015-08-09,中雨~雷阵雨,30,26,小于3级,东南风
2015-08-10,中到大雨~阵雨,30,26,小于3级,西南风
2015-08-11,阵雨,31,25,小于3级,西北风
2015-08-12,多云,32,24,小于3级,西南风
2015-08-13,雷阵雨~多云,30,24,小于3级,东南风
2015-08-14,阵雨~阴,31,24,小于3级,东北风
2015-08-15,雷阵雨~阵雨,30,25,小于3级,西北风
2015-08-16,阵雨~阴,30,24,小于3级,西南风
2015-08-17,多云,32,24,小于3级,东北风
2015-08-18,多云,32,24,小于3级,东北风
2015-08-19,多云,32,24,小于3级,西北风
2015-08-20,中雨~中到大雨,33,24,小于3级,西北风
2015-08-21,阵雨~中雨,27,23,小于3级,西北风
2015-08-22,中雨,26,23,小于3级,西北风
2015-08-23,阵雨,26,23,小于3级,西北风
2015-08-24,阵雨~阴,26,22,小于3级,西北风
2015-08-25,多云,30,21,小于3级,西北风
2015-08-26,多云,30,22,小于3级,西南风
2015-08-27,多云,31,22,小于3级,西北风
2015-08-28,阵雨,31,22,小于3级,西南风
2015-08-29,多云,31,22,小于3级,西北风
2015-08-30,多云,30,22,小于3级,东南风
2015-08-31,多云,31,22,小于3级,东北风
2015-09-01,多云,32,23,小于3级,西北风
2015-09-02,多云,32,23,小于3级,西北风
2015-09-03,多云,32,23,小于3级,东北风
2015-09-04,阵雨,32,25,小于3级,西南风
2015-09-05,中雨~阴,30,23,小于3级,西北风
2015-09-06,多云,29,22,小于3级,西北风
2015-09-07,阵雨~多云,30,22,小于3级,东北风
2015-09-08,多云,29,22,小于3级,东南风
2015-09-09,多云,29,20,小于3级,东北风
2015-09-10,多云,29,20,小于3级,西北风
2015-09-11,晴~多云,29,20,小于3级,西北风
2015-09-12,阵雨~阴,27,18,小于3级,西南风
2015-09-13,多云,26,19,小于3级,西北风
2015-09-14,小雨,25,19,小于3级,西北风
2015-09-15,小雨~阴,25,18,小于3级,西北风
2015-09-16,多云~晴,27,19,小于3级,西北风
2015-09-17,多云,28,18,小于3级,西北风
2015-09-18,多云~阴,27,19,小于3级,西北风
2015-09-19,多云~阴,27,20,小于3级,东风
2015-09-20,阴,26,20,小于3级,西南风
2015-09-21,阴,27,20,小于3级,东北风
2015-09-22,阴~阵雨,27,21,小于3级,西南风
2015-09-23,阵雨~阴,26,20,小于3级,西北风
2015-09-24,多云~阴,27,20,小于3级,西南风
2015-09-25,阵雨~阴,25,20,小于3级,西北风
2015-09-26,多云,27,19,小于3级,东南风
2015-09-27,多云,27,19,小于3级,东北风
2015-09-28,阴~阵雨,26,21,小于3级,东北风
2015-09-29,中到大雨~中雨,24,22,小于3级,东北风
2015-09-30,阵雨~中雨,29,21,小于3级,西南风
2015-10-01,小雨~多云,26,16,小于3级,西北风
2015-10-02,晴,24,13,小于3级,西南风
2015-10-03,晴~多云,27,17,小于3级,西北风
2015-10-04,阵雨,24,20,小于3级,西北风
2015-10-05,阵雨,21,19,小于3级,西北风
2015-10-06,小雨~阵雨,23,18,小于3级,东北风
2015-10-07,小雨,23,19,小于3级,南风
2015-10-08,小雨~阴,22,17,小于3级,东北风
2015-10-09,多云,23,16,小于3级,西南风
2015-10-10,多云~晴,24,13,小于3级,西北风
2015-10-11,晴,23,13,小于3级,西北风
2015-10-12,晴,23,13,小于3级,西南风
2015-10-13,晴,24,14,小于3级,西南风
2015-10-14,多云~晴,24,14,小于3级,西北风
2015-10-15,晴,26,14,小于3级,西北风
2015-10-16,晴,26,14,小于3级,东北风
2015-10-17,晴,25,14,小于3级,东北风
2015-10-18,多云,24,15,小于3级,西北风
2015-10-19,多云,24,16,小于3级,东北风
2015-10-20,阴,23,16,小于3级,东北风
2015-10-21,多云,26,17,小于3级,东南风
2015-10-22,多云,25,17,小于3级,东南风
2015-10-23,阴,25,19,小于3级,东北风
2015-10-24,多云,25,18,小于3级,东南风
2015-10-25,多云,26,19,小于3级,东北风
2015-10-26,多云~阵雨,27,16,小于3级,西北风
2015-10-27,阴~多云,22,12,小于3级,西北风
2015-10-28,多云~阵雨,21,16,小于3级,东南风
2015-10-29,中雨~阵雨,17,14,小于3级,西北风
2015-10-30,小雨~阴,16,12,小于3级,东北风
2015-10-31,阴~阵雨,17,11,小于3级,西北风
2015-11-01,小雨~多云,16,9,小于3级,西南风
2015-11-02,晴,19,9,小于3级,西南风
2015-11-03,多云,20,13,小于3级,东南风
2015-11-04,阵雨~阴,20,16,小于3级,西南风
2015-11-05,阵雨~阴,20,16,小于3级,东北风
2015-11-06,多云~阴,28,18,小于3级,东南风
2015-11-07,阵雨,26,16,小于3级,东北风
2015-11-08,中雨~小雨,15,11,小于3级,北风
2015-11-09,阴~多云,16,10,小于3级,西北风
2015-11-10,多云~阴,16,10,小于3级,西北风
2015-11-11,阵雨,17,13,小于3级,西北风
2015-11-12,阵雨,15,13,小于3级,南风
2015-11-13,小雨~阴,17,14,小于3级,西北风
2015-11-14,阴~多云,18,13,小于3级,西南风
2015-11-15,阴~阵雨,20,15,小于3级,西北风
2015-11-16,阵雨~中雨,21,15,小于3级,东北风
2015-11-17,中雨~阵雨,16,15,小于3级,东北风
2015-11-18,阵雨,16,13,小于3级,东北风
2015-11-19,小雨,16,13,小于3级,东北风
2015-11-20,小到中雨,16,13,小于3级,东北风
2015-11-21,阵雨~小雨,16,14,小于3级,西北风
2015-11-22,小雨,18,15,小于3级,西南风
2015-11-23,阴~小雨,19,14,小于3级,无持续风向
2015-11-24,小雨~小到中雨,15,8,小于3级,西北风
2015-11-25,阴~多云,8,2,小于3级,西北风
2015-11-26,晴,7,-2,小于3级,西北风
2015-11-27,晴~多云,9,1,小于3级,东风
2015-11-28,多云~小雨,11,7,小于3级,南风
2015-11-29,小雨~阴,12,6,小于3级,西南风
2015-11-30,多云,15,8,小于3级,西北风
2015-12-01,多云~小雨,18,11,小于3级,东南风
2015-12-02,小雨~多云,13,5,小于3级,西北风
2015-12-03,晴,13,2,小于3级,西北风
2015-12-04,多云~小雨,11,5,小于3级,东北风
2015-12-05,中雨~小雨,7,3,小于3级,西北风
2015-12-06,阴~多云,6,2,小于3级,西南风
2015-12-07,多云,12,4,小于3级,西南风
2015-12-08,多云,13,4,小于3级,东南风
2015-12-09,小雨~小到中雨,12,9,小于3级,东北风
2015-12-10,小雨~阴,12,9,小于3级,西北风
2015-12-11,阴,12,6,小于3级,东北风
2015-12-12,多云~阴,12,5,小于3级,西北风
2015-12-13,小雨,9,6,小于3级,西北风
2015-12-14,阴~小雨,9,6,小于3级,西北风
2015-12-15,阴,11,3,小于3级,西北风
2015-12-16,晴,8,-1,小于3级,西北风
2015-12-17,晴,6,-2,小于3级,西北风
2015-12-18,晴~多云,8,1,小于3级,东北风
2015-12-19,多云~阴,11,3,小于3级,西北风
2015-12-20,小雨~阴,12,8,小于3级,西北风
2015-12-21,多云~阴,12,8,小于3级,西北风
2015-12-22,小雨,12,9,小于3级,西北风
2015-12-23,小雨,12,9,小于3级,西北风
2015-12-24,小雨,11,7,小于3级,西北风
2015-12-25,小雨~多云,11,4,小于3级,西南风
2015-12-26,多云~阴,14,7,小于3级,东南风
2015-12-27,阴,12,6,小于3级,东北风
2015-12-28,多云,9,4,小于3级,西北风
2015-12-29,多云,11,4,小于3级,西南风
2015-12-30,晴~多云,13,3,小于3级,东北风
2015-12-31,晴,11,3,小于3级,西北风
2016-01-01,多云,12,4,小于3级,西南风
2016-01-02,多云~小雨,16,8,小于3级,南风
2016-01-03,多云~小雨,18,10,小于3级,西北风
2016-01-04,小雨~小到中雨,13,9,小于3级,东北风
2016-01-05,中雨~小雨,11,7,小于3级,西北风
2016-01-06,小雨~阴,9,5,小于3级,西北风
2016-01-07,阴~小雨,9,5,小于3级,西北风
2016-01-08,阴~多云,9,2,小于3级,西南风
2016-01-09,多云~小雨,9,4,小于3级,东北风
2016-01-10,小雨,9,6,小于3级,东北风
2016-01-11,小雨,7,4,小于3级,西北风
2016-01-12,阴,6,1,小于3级,西北风
2016-01-13,多云,7,1,小于3级,东北风
2016-01-14,多云~阴,8,3,小于3级,东南风
2016-01-15,多云,11,3,小于3级,南风
2016-01-16,多云~小雨,11,6,小于3级,东北风
2016-01-17,小雨~多云,7,2,小于3级,西南风
2016-01-18,多云,7,-1,小于3级,西北风
2016-01-19,多云,6,-2,小于3级,西北风
2016-01-20,雨夹雪,6,0,小于3级,东北风
2016-01-21,中雪~大雪,1,1,小于3级,西北风
2016-01-22,大雪~中雪,1,-3,小于3级,西北风
2016-01-23,小雪~多云,0,-8,小于3级,西北风
2016-01-24,晴,-3,-9,小于3级,西南风
2016-01-25,晴,2,-8,小于3级,西南风
2016-01-26,晴~阴,7,-2,小于3级,南风
2016-01-27,小雨,7,3,小于3级,西南风
2016-01-28,小雨~中雨,8,4,小于3级,西北风
2016-01-29,小雨,6,3,小于3级,西北风
2016-01-30,小雨~阴,6,1,小于3级,西北风
2016-01-31,小雨~小雪,5,0,小于3级,西北风
2016-02-01,阴,2,-2,小于3级,西北风
2016-02-02,多云,3,-1,小于3级,西南风
2016-02-03,晴~多云,7,-1,小于3级,南风
2016-02-04,雨夹雪~阴,7,1,小于3级,西北风
2016-02-05,多云~晴,9,0,小于3级,西北风
2016-02-06,晴,7,-2,小于3级,西北风
2016-02-07,晴,10,1,小于3级,西南风
2016-02-08,晴,15,3,小于3级,西南风
2016-02-09,晴,19,6,小于3级,西北风
2016-02-10,多云~阵雨,22,11,小于3级,西南风
2016-02-11,小雨~多云,22,12,小于3级,东南风
2016-02-12,多云~阵雨,24,12,小于3级,西南风
2016-02-13,小雨,18,3,小于3级,西北风
2016-02-14,小雨~阴,5,0,小于3级,西北风
2016-02-15,晴,7,-1,小于3级,西北风
2016-02-16,晴,12,1,小于3级,西北风
2016-02-17,晴~多云,13,4,小于3级,东南风
2016-02-18,晴~多云,18,6,小于3级,西北风
2016-02-19,阴,13,5,小于3级,东北风
2016-02-20,多云,13,2,小于3级,西南风
2016-02-21,多云~阵雨,13,4,小于3级,东南风
2016-02-22,中雨~小雨,8,5,小于3级,西北风
2016-02-23,阴,10,4,小于3级,西北风
2016-02-24,多云,9,1,小于3级,东南风
2016-02-25,多云,13,4,小于3级,南风
2016-02-26,多云,17,6,小于3级,西南风
2016-02-27,晴,20,7,小于3级,东南风
2016-02-28,多云~阵雨,22,4,小于3级,西北风
2016-02-29,晴,14,1,小于3级,东北风
2016-03-01,晴,15,4,小于3级,东北风
2016-03-02,晴~多云,20,8,小于3级,西北风
2016-03-03,多云~阴,24,13,小于3级,西北风
2016-03-04,阴~多云,25,13,小于3级,西南风
2016-03-05,多云~小雨,24,12,小于3级,西北风
2016-03-06,多云,19,11,小于3级,东北风
2016-03-07,多云~阵雨,24,12,小于3级,东北风
2016-03-08,中雨,14,5,小于3级,西北风
2016-03-09,小雨,7,2,小于3级,东北风
2016-03-10,阴~多云,7,0,小于3级,西北风
2016-03-11,晴,10,2,小于3级,东南风
2016-03-12,多云~阵雨,15,5,小于3级,西北风
2016-03-13,小雨~多云,12,5,小于3级,西北风
2016-03-14,晴~多云,14,4,小于3级,东南风
2016-03-15,多云~阴,15,8,小于3级,西北风
2016-03-16,阴~多云,18,11,小于3级,东北风
2016-03-17,阵雨,20,13,小于3级,西南风
2016-03-18,小雨,20,13,小于3级,西北风
2016-03-19,阴~多云,19,8,小于3级,东北风
2016-03-20,多云,18,9,小于3级,东北风
2016-03-21,阵雨,16,11,小于3级,东南风
2016-03-22,阵雨,16,11,小于3级,东南风
2016-03-23,阵雨~多云,12,7,小于3级,东北风
2016-03-24,多云,13,4,小于3级,东北风
2016-03-25,多云,14,3,小于3级,西北风
2016-03-26,多云~阵雨,15,6,小于3级,西北风
2016-03-27,多云~晴,17,7,小于3级,西南风
2016-03-28,晴~多云,20,10,小于3级,东南风
2016-03-29,多云~阵雨,23,13,小于3级,西南风
2016-03-30,阵雨,17,12,小于3级,东南风
2016-03-31,阴~多云,19,11,小于3级,西南风
2016-04-01,多云,27,14,小于3级,西北风
2016-04-02,雷阵雨~中雨,24,16,小于3级,西南风
2016-04-03,中到大雨~小雨,18,12,小于3级,西北风
2016-04-04,阴~多云,17,12,小于3级,东北风
2016-04-05,多云~阵雨,19,14,小于3级,东北风
2016-04-06,雷阵雨~中雨,24,16,小于3级,西北风
2016-04-07,中雨~小雨,18,14,小于3级,西南风
2016-04-08,阴~多云,20,14,小于3级,东北风
2016-04-09,阵雨,21,14,小于3级,东南风
2016-04-10,多云,23,12,小于3级,东南风
2016-04-11,阴~阵雨,20,13,小于3级,西南风
2016-04-12,阴~小雨,24,16,小于3级,西北风
2016-04-13,阵雨~多云,25,15,小于3级,东北风
2016-04-14,多云~阴,26,16,小于3级,西北风
2016-04-15,阵雨,23,17,小于3级,东南风
2016-04-16,中到大雨~阴,23,14,小于3级,西南风
2016-04-17,多云~阵雨,23,12,小于3级,西北风
2016-04-18,多云,23,12,小于3级,东南风
2016-04-19,多云~阵雨,25,14,小于3级,东南风
2016-04-20,中雨~中到大雨,22,19,小于3级,东南风
2016-04-21,阵雨~多云,23,18,小于3级,西南风
2016-04-22,阵雨~中到大雨,26,15,小于3级,西北风
2016-04-23,中到大雨~小雨,17,14,小于3级,东北风
2016-04-24,小雨~阴,18,13,小于3级,东北风
2016-04-25,阵雨,18,14,小于3级,南风
2016-04-26,中雨,19,15,小于3级,西北风
2016-04-27,小雨~阴,20,14,小于3级,西北风
2016-04-28,多云~晴,22,13,小于3级,西北风
2016-04-29,晴,25,14,小于3级,西南风
2016-04-30,多云,29,17,小于3级,西南风
2016-05-01,多云~小雨,29,20,小于3级,西南风
2016-05-02,中雨,25,19,小于3级,西南风
2016-05-03,多云~晴,27,16,小于3级,西南风
2016-05-04,多云~阵雨,31,20,小于3级,东北风
2016-05-05,中雨,28,22,小于3级,西南风
2016-05-06,阴~阵雨,30,18,小于3级,东北风
2016-05-07,中雨,23,16,小于3级,东北风
2016-05-08,中雨,19,15,小于3级,西北风
2016-05-09,阵雨~中到大雨,21,17,小于3级,东北风
2016-05-10,阴~多云,21,13,小于3级,南风
2016-05-11,多云~晴,25,15,小于3级,东北风
2016-05-12,晴,31,15,小于3级,西北风
2016-05-13,阴~多云,25,18,小于3级,东南风
2016-05-14,多云~阴,28,18,小于3级,西南风
2016-05-15,中到大雨~阵雨,27,15,小于3级,西北风
2016-05-16,多云,23,12,小于3级,南风
2016-05-17,晴,25,13,小于3级,东北风
2016-05-18,多云,26,14,小于3级,东南风
2016-05-19,多云~阵雨,26,18,小于3级,东南风
2016-05-20,阵雨~大雨,22,19,小于3级,东北风
2016-05-21,小雨~阵雨,21,19,小于3级,西北风
2016-05-22,阴,24,17,小于3级,东北风
2016-05-23,小雨~阵雨,26,20,小于3级,西北风
2016-05-24,小雨~多云,24,19,小于3级,东南风
2016-05-25,阴~阵雨,29,22,小于3级,西南风
2016-05-26,中雨,25,22,小于3级,西南风
2016-05-27,阵雨,25,21,小于3级,东北风
2016-05-28,中雨~大雨,26,22,小于3级,东南风
2016-05-29,小雨~阴,24,19,小于3级,西南风
2016-05-30,多云~阴,27,20,小于3级,东南风
2016-05-31,阵雨~中雨,30,22,小于3级,西南风
2016-06-01,大雨~阴,27,19,小于3级,东北风
2016-06-02,阵雨~中雨,24,19,小于3级,东南风
2016-06-03,中到大雨~阵雨,22,19,小于3级,西南风
2016-06-04,阴~多云,26,18,小于3级,西北风
2016-06-05,多云,28,19,,西北风
2016-06-06,雷阵雨~多云,30,21,小于3级,西北风
2016-06-07,雷阵雨~多云,29,22,小于3级,东北风
2016-06-08,阵雨~阴,28,21,小于3级,西北风
2016-06-09,阴~多云,29,21,小于3级,东北风
2016-06-10,多云,31,23,小于3级,东北风
2016-06-11,阵雨,29,23,小于3级,西南风
2016-06-12,中到大雨~阵雨,25,21,小于3级,东北风
2016-06-13,阴~多云,29,21,小于3级,西南风
2016-06-14,晴~阵雨,34,25,小于3级,西南风
2016-06-15,大雨,32,21,小于3级,西南风
2016-06-16,小雨~多云,27,20,小于3级,西南风
2016-06-17,多云,31,21,小于3级,西南风
2016-06-18,雷阵雨~阵雨,31,25,小于3级,西南风
2016-06-19,雷阵雨~阵雨,31,24,小于3级,西南风
2016-06-20,雷阵雨~多云,32,25,小于3级,西北风
2016-06-21,多云~晴,35,27,小于3级,西南风
2016-06-22,雷阵雨~多云,35,27,小于3级,西南风
2016-06-23,多云,37,28,小于3级,西南风
2016-06-24,雷阵雨~阵雨,35,22,小于3级,东北风
2016-06-25,中到大雨~中雨,23,20,小于3级,东北风
2016-06-26,中雨~阵雨,23,20,小于3级,西北风
2016-06-27,阵雨,28,23,小于3级,东南风
2016-06-28,阵雨~中雨,27,23,小于3级,西南风
2016-06-29,阵雨~阴,28,24,小于3级,西南风
2016-06-30,雷阵雨~多云,34,26,小于3级,西南风
2016-07-01,多云,34,26,小于3级,东南风
2016-07-02,多云,34,26,小于3级,东北风
2016-07-03,雷阵雨~阵雨,31,25,小于3级,南风
2016-07-04,多云,34,26,小于3级,
2016-07-05,多云,35,26,小于3级,
2016-07-06,雷阵雨~多云,35,26,小于3级,
2016-07-07,晴~多云,34,25,小于3级,
2016-07-08,阵雨~多云,31,25,小于3级,
2016-07-09,阵雨,30,26,小于3级,
2016-07-10,中雨~中到大雨,29,26,小于3级,
2016-07-11,中雨~阵雨,30,25,小于3级,
2016-07-12,阵雨~阴,32,26,小于3级,东南风
2016-07-13,雷阵雨~多云,35,26,小于3级,西南风
2016-07-14,雷阵雨转多云,35,27,小于3级,西北风
2016-07-15,雷阵雨,36,26,小于3级,西南风
2016-07-16,中到大雨转阵雨,29,24,小于3级,南风
2016-07-17,多云转阵雨,31,25,小于3级,西南风
2016-07-18,雷阵雨转阴,32,26,小于3级,东南风
2016-07-19,雷阵雨,34,26,小于3级,南风
2016-07-20,晴,37,27,小于3级,西南风
2016-07-21,晴,38,27,小于3级,西风
2016-07-22,晴,38,29,小于3级,西南风
2016-07-23,晴,38,28,小于3级,东风
2016-07-24,晴,39,29,小于3级,东风
2016-07-25,晴,39,28,小于3级,东风
2016-07-26,晴,39,28,小于3级,西南风
2016-07-27,晴,39,28,小于3级,北风
2016-07-28,晴,39,29,小于3级,东南风
2016-07-29,晴,39,29,小于3级,东风
2016-07-30,多云,39,29,小于3级,东北风
2016-07-31,多云,37,28,小于3级,东风
2016-08-01,晴,37,27,2级,南风
2016-08-02,雷阵雨,35,27,3级,南风
2016-08-03,阵雨,32,26,2级,南风
2016-08-04,雷阵雨,33,27,1级,西北风
2016-08-05,雷阵雨,33,26,2级,西北风
2016-08-06,雷阵雨,34,26,2级,东北风
2016-08-07,多云,35,27,2级,东风
2016-08-08,雷阵雨,34,26,2级,东北风
2016-08-09,中雨,30,26,1级,东北风
2016-08-10,雷阵雨,35,27,2级,西北风
2016-08-11,多云,36,27,3级,东风
2016-08-12,多云,36,27,4级,东风
2016-08-13,多云,35,27,2级,东风
2016-08-14,多云,35,28,2级,东风
2016-08-15,晴,36,27,2级,东风
2016-08-16,多云,36,26,2级,东风
2016-08-17,晴,37,28,2级,东风
2016-08-18,晴,37,28,2级,东北风
2016-08-19,晴,38,28,1级,西北风
2016-08-20,雷阵雨,37,27,2级,北风
2016-08-21,中雨,35,27,1级,西北风
2016-08-22,多云,36,27,2级,东风
2016-08-23,阵雨,35,27,2级,东风
2016-08-24,多云,35,27,2级,东风
2016-08-25,晴,35,26,2级,东风
2016-08-26,阵雨,34,25,4级,北风
2016-08-27,阴,31,23,2级,北风
2016-08-28,多云,31,21,2级,西北风
2016-08-29,晴,32,21,2级,北风
2016-08-30,晴,32,21,1级,北风
2016-08-31,晴,33,21,1级,北风
2016-09-01,阵雨,33,23,3级,南风
2016-09-02,晴,34,22,1级,东北风
2016-09-03,晴,35,23,1级,东风
2016-09-04,多云,32,24,3级,东风
2016-09-05,阵雨,30,24,1级,东北风
2016-09-06,阵雨,28,23,2级,西北风
2016-09-07,小雨,27,21,1级,东北风
2016-09-08,多云,30,22,1级,东南风
2016-09-09,多云,29,22,1级,东风
2016-09-10,阵雨,28,22,1级,东风
2016-09-11,阵雨,25,21,2级,西北风
2016-09-12,多云,27,21,1级,东北风
2016-09-13,阵雨,28,21,2级,南风
2016-09-14,阵雨,25,21,2级,北风
2016-09-15,大雨,25,22,4级,东风
2016-09-16,中雨,27,23,1级,西北风
2016-09-17,阴,27,22,2级,北风
2016-09-18,阵雨,26,22,3级,北风
2016-09-19,阴,27,20,2级,北风
2016-09-20,多云,26,19,2级,西北风
2016-09-21,多云,26,19,2级,西北风
2016-09-22,多云,27,20,1级,东北风
2016-09-23,多云,29,20,2级,东风
2016-09-24,多云,30,21,1级,东北风
2016-09-25,晴,30,21,3级,东风
2016-09-26,多云,31,24,1级,东北风
2016-09-27,阵雨,28,23,3级,东北风
2016-09-28,中到大雨,28,22,2级,东北风
2016-09-29,阵雨,25,22,3级,北风
2016-09-30,阵雨,29,22,2级,西北风
2016-10-01,阵雨,30,23,2级,西北风
2016-10-02,多云,30,22,2级,北风
2016-10-03,阵雨,27,21,3级,东北风
2016-10-04,多云,27,20,1级,西北风
2016-10-05,多云,27,21,1级,东北风
2016-10-06,阵雨,27,22,3级,东风
2016-10-07,阵雨,23,20,2级,西北风
2016-10-08,小雨,22,17,3级,东北风
2016-10-09,多云,22,16,3级,东北风
2016-10-10,阴,21,15,2级,东风
2016-10-11,阴,23,17,2级,东风
2016-10-12,多云,25,18,2级,西北风
2016-10-13,多云,23,18,2级,东北风
2016-10-14,小雨,22,19,2级,西北风
2016-10-15,小雨,23,20,1级,南风
2016-10-16,小雨,26,20,2级,北风
2016-10-17,小雨,24,20,2级,西北风
2016-10-18,小雨,24,20,1级,东风
2016-10-19,小雨,24,20,1级,东南风
2016-10-20,阵雨,25,21,2级,东风
2016-10-21,小雨,25,21,2级,西北风
2016-10-22,暴雨,23,20,4级,北风
2016-10-23,阵雨,23,17,2级,北风
2016-10-24,阴,24,19,1级,西南风
2016-10-25,阴,23,19,1级,西北风
2016-10-26,阵雨,24,19,2级,北风
2016-10-27,阵雨,24,18,1级,西南风
2016-10-28,阵雨,19,15,2级,西北风
2016-10-29,小雨,15,12,2级,北风
2016-10-30,多云,18,14,1级,北风
2016-10-31,小雨,17,12,2级,北风
2016-11-01,阴,16,8,3级,东风
2016-11-02,多云,17,10,1级,东风
2016-11-03,晴,17,10,2级,南风
2016-11-04,晴,21,11,2级,西南风
2016-11-05,晴,24,14,1级,西北风
2016-11-06,多云,25,15,1级,东北风
2016-11-07,小雨,23,12,2级,西北风
2016-11-08,小雨,13,9,3级,东北风
2016-11-09,小雨,13,10,2级,东北风
2016-11-10,多云,14,7,2级,西风
2016-11-11,晴,18,9,微风,北风
2016-11-12,小雨,18,11,2级,西南风
2016-11-13,小雨,20,15,1级,南风
2016-11-14,小雨,20,14,2级,西南风
2016-11-15,小雨,17,12,2级,东风
2016-11-16,小雨,18,14,1级,西北风
2016-11-17,小雨,18,15,1级,西北风
2016-11-18,阴,24,16,2级,西北风
2016-11-19,阵雨,17,0,小于3级,东北风
2016-11-20,阵雨,20,16,2级,东风
2016-11-21,阵雨,19,16,2级,北风
2016-11-22,小雨,14,8,3级,东北风
2016-11-23,小雨,5,2,2级,北风
2016-11-24,多云,8,3,1级,东北风
2016-11-25,阵雨,9,7,2级,西北风
2016-11-26,小雨,9,4,1级,西北风
2016-11-27,晴,12,4,2级,西北风
2016-11-28,晴,13,6,2级,东北风
2016-11-29,多云,13,8,1级,东南风
2016-11-30,阴,15,7,1级,西北风
2016-12-01,晴,16,6,1级,北风
2016-12-02,晴,14,7,1级,南风
2016-12-03,多云,16,9,2级,西北风
2016-12-04,多云,17,8,1级,南风
2016-12-05,多云,19,7,5级,北风
2016-12-06,多云,12,4,1级,南风
2016-12-07,晴,15,4,1级,东风
2016-12-08,晴,16,6,2级,南风
2016-12-09,晴,15,7,2级,东风
2016-12-10,多云,13,8,2级,东风
2016-12-11,多云,15,8,2级,南风
2016-12-12,阴,18,10,2级,北风
2016-12-13,小雨,14,5,4级,北风
2016-12-14,多云,10,1,3级,北风
2016-12-15,多云,8,0,2级,西北风
2016-12-16,晴,11,0,1级,南风
2016-12-17,晴,13,5,1级,东南风
2016-12-18,多云,17,7,1级,北风
2016-12-19,阴,17,11,1级,西北风
2016-12-20,小雨,15,12,1级,北风
2016-12-21,小雨,17,9,3级,北风
2016-12-22,多云,12,4,1级,西南风
2016-12-23,多云,12,3,2级,东北风
2016-12-24,多云,6,0,小于3级,东风
2016-12-25,阴,15,11,3级,东风
2016-12-26,小雨,12,5,3级,北风
2016-12-27,多云,7,0,3级,东北风
2016-12-28,晴,8,2,1级,北风
2016-12-29,晴,8,2,1级,东北风
2016-12-30,多云,11,3,2级,东风
2016-12-31,晴,14,5,1级,北风
2017-01-01,晴,17,7,2级,西北风
2017-01-02,多云,16,8,2级,东北风
2017-01-03,多云,15,8,1级,东北风
2017-01-04,小雨,15,11,2级,西北风
2017-01-05,小到中雨,13,11,2级,北风
2017-01-06,小雨,12,10,1级,东北风
2017-01-07,中雨,11,9,2级,北风
2017-01-08,多云,12,5,2级,北风
2017-01-09,多云,11,4,2级,东北风
2017-01-10,多云,9,4,1级,北风
2017-01-11,小雨,8,5,1级,北风
2017-01-12,小雨,7,4,1级,西南风
2017-01-13,多云,10,1,1级,北风
2017-01-14,晴,10,2,3级,东北风
2017-01-15,多云,8,2,1级,东北风
2017-01-16,多云,9,2,2级,东风
2017-01-17,阴,11,7,2级,西北风
2017-01-18,小雨,8,6,2级,东北风
2017-01-19,小雨,8,0,3级,北风
2017-01-20,晴,6,-3,3级,东北风
2017-01-21,多云,7,-1,1级,北风
2017-01-22,晴,8,-2,2级,东北风
2017-01-23,晴,8,-1,2级,东南风
2017-01-24,多云,9,3,2级,东风
2017-01-25,阴,10,2,1级,南风
2017-01-26,晴,13,3,2级,南风
2017-01-27,多云,13,5,2级,东风
2017-01-28,多云,17,7,1级,南风
2017-01-29,多云,20,4,3级,北风
2017-01-30,多云,8,0,3级,东北风
2017-01-31,多云,8,3,2级,东风
2017-02-01,阴,7,2,3级,北风
2017-02-02,多云,8,4,2级,东南风
2017-02-03,阵雨,12,7,2级,西北风
2017-02-04,小雨,11,6,1级,东南风
2017-02-05,多云,13,4,1级,西南风
2017-02-06,晴,12,3,3级,东风
2017-02-07,多云,11,2,1级,东风
2017-02-08,雨夹雪,7,0,4级,北风
2017-02-09,多云,7,-1,4级,北风
2017-02-10,多云,8,-1,3级,北风
2017-02-11,晴,9,0,1级,东南风
2017-02-12,晴,11,0,1级,东风
2017-02-13,晴,15,3,微风,北风
2017-02-14,晴,17,5,2级,东南风
2017-02-15,晴,18,7,1级,南风
2017-02-16,小雨,19,9,2级,西南风
2017-02-17,小雨,15,6,2级,东风
2017-02-18,多云,13,5,1级,东南风
2017-02-19,多云,21,7,3级,西南风
2017-02-20,小雨,19,6,4级,东北风
2017-02-21,阴,11,7,2级,西北风
2017-02-22,小雨,8,3,3级,北风
2017-02-23,阴,7,2,3级,北风
2017-02-24,多云,9,2,1级,东北风
2017-02-25,多云,12,4,1级,东风
2017-02-26,晴,15,4,1级,南风
2017-02-27,晴,16,5,3级,东风
2017-02-28,多云,17,6,2级,东风
2017-03-01,多云,17,4,3级,北风
2017-03-02,晴,13,2,3级,东风
2017-03-03,多云,15,6,1级,东风
2017-03-06,多云,12,3,1级,北风
2017-03-07,晴,15,4,1级,北风
2017-03-08,晴,17,6,2级,东北风
2017-03-09,多云,19,9,2级,东风
2017-03-10,阴,18,10,2级,南风
2017-03-11,阴,16,11,1级,东南风
2017-03-12,小雨,15,7,3级,东北风
2017-03-13,中雨,9,5,3级,东北风
2017-03-14,晴,13,3,2级,北风
2017-03-15,多云,15,7,3级,东风
2017-03-16,阴,13,7,1级,东风
2017-03-17,多云,15,9,2级,东南风
2017-03-18,小雨,13,10,微风,北风
2017-03-19,小雨,14,10,1级,东风
2017-03-20,小雨,13,10,2级,西北风
2017-03-21,多云,14,9,2级,东北风
2017-03-22,中雨,10,8,2级,东风
2017-03-23,阴,13,9,3级,东北风
2017-03-24,中雨,11,8,3级,北风
2017-03-25,多云,16,7,5级,北风
2017-03-26,晴,19,6,6级,西北风
2017-03-27,晴,21,10,2级,南风
2017-03-28,多云,22,12,3级,西南风
2017-03-29,多云,20,12,4级,东北风
2017-03-30,中雨,13,9,4级,东北风
2017-03-31,阴,14,7,3级,东北风
2017-04-01,多云,17,6,2级,北风
2017-04-02,晴,22,10,2级,东南风
2017-04-03,多云,23,12,4级,东风
2017-04-04,多云,25,15,4级,南风
2017-04-05,阴,26,16,4级,北风
2017-04-06,中雨,27,18,4级,东风
2017-04-07,阵雨,21,16,2级,东南风
2017-04-08,多云,26,14,4级,东北风
2017-04-09,阵雨,14,10,3级,北风
2017-04-10,阵雨,13,11,4级,北风
2017-04-11,阴,15,11,2级,北风
2017-04-12,多云,19,8,2级,东南风
2017-04-13,晴,23,11,4级,东风
2017-04-14,晴,28,16,3级,南风
2017-04-15,多云,31,17,3级,南风
2017-04-16,阵雨,30,21,4级,西南风
2017-04-17,阵雨,25,16,3级,西南风
2017-04-18,晴,29,16,3级,北风
2017-04-19,阵雨,28,18,4级,南风
2017-04-20,多云,25,16,6级,北风
2017-04-21,阴,23,12,4级,北风
2017-04-22,晴,23,12,3级,东南风
2017-04-23,晴,24,12,2级,东风
2017-04-24,晴,27,16,4级,东风
2017-04-25,阵雨,26,17,3级,东风
2017-04-26,阵雨,19,13,5级,北风
2017-04-27,多云,21,11,2级,西北风
2017-04-28,晴,26,13,2级,西南风
2017-04-29,晴,29,15,3级,西南风
2017-04-30,多云,29,16,2级,东风
2017-05-01,阵雨,29,18,2级,西北风
2017-05-02,阵雨,22,17,4级,东南风
2017-05-03,阴,25,19,4级,东风
2017-05-04,小雨,24,17,3级,西北风
2017-05-05,多云,27,17,2级,南风
2017-05-06,多云,26,17,2级,东风
2017-05-07,多云,26,16,3级,东南风
2017-05-08,中雨,20,17,2级,南风
2017-05-09,多云,27,16,3级,南风
2017-05-10,晴,31,17,3级,西南风
2017-05-11,多云,33,21,5级,北风
2017-05-12,小到中雨,22,16,2级,西南风
2017-05-13,多云,30,18,3级,西南风
2017-05-14,多云,31,20,4级,东风
2017-05-15,阵雨,25,19,4级,东北风
2017-05-16,阵雨,23,15,2级,西南风
2017-05-17,多云,27,18,3级,东南风
2017-05-18,晴,30,17,3级,东风
2017-05-19,多云,30,18,3级,东风
2017-05-20,阴,29,19,2级,东南风
2017-05-21,多云,30,20,3级,东南风
2017-05-22,多云,30,21,3级,东风
2017-05-23,中到大雨,26,19,4级,东北风
2017-05-24,阴,24,16,2级,西北风
2017-05-25,晴,28,17,2级,南风
2017-05-26,晴,31,17,4级,东南风
2017-05-27,晴,31,18,4级,东风
2017-05-28,晴,33,19,3级,东风
2017-05-29,晴,32,21,4级,东北风
2017-05-30,多云,33,22,3级,西风
2017-05-31,阵雨,32,24,3级,西北风
2017-06-01,阵雨,28,22,2级,西南风
2017-06-02,多云,30,21,4级,东北风
2017-06-03,多云,31,20,4级,东风
2017-06-04,多云,29,20,4级,东北风
2017-06-05,中雨,23,21,4级,东南风
2017-06-06,阵雨,28,20,3级,北风
2017-06-07,多云,30,21,2级,东北风
2017-06-08,多云,32,22,4级,东风
2017-06-09,阵雨,28,23,3级,南风
2017-06-10,雷阵雨,30,23,3级,西风
2017-06-11,中雨,25,21,2级,东南风
2017-06-12,中雨,23,19,4级,东北风
2017-06-13,中到大雨,22,19,3级,东南风
2017-06-14,阴,26,19,4级,东风
2017-06-15,多云,29,19,3级,东风
2017-06-16,多云,29,19,3级,南风
2017-06-17,多云,28,19,3级,东风
2017-06-18,多云,30,21,3级,南风
2017-06-19,阵雨,27,22,2级,西南风
2017-06-20,阵雨,26,22,1级,西风
2017-06-21,阵雨,28,22,1级,西南风
2017-06-22,阵雨,29,22,2级,东风
2017-06-23,中雨,28,22,2级,西南风
2017-06-24,暴雨,26,23,3级,西南风
2017-06-25,中雨,27,22,4级,西南风
2017-06-26,阵雨,28,21,3级,南风
2017-06-27,阵雨,28,22,3级,南风
2017-06-28,阵雨,25,22,2级,南风
2017-06-29,阵雨,28,24,2级,西南风
2017-06-30,小雨,30,24,2级,西北风
2017-07-01,雷阵雨,34,25,2级,北风
2017-07-02,多云,34,26,1级,西风
2017-07-03,雷阵雨,32,25,2级,东风
2017-07-04,雷阵雨,33,25,2级,东风
2017-07-05,雷阵雨,33,25,2级,西南风
2017-07-06,雷阵雨,35,26,2级,西南风
2017-07-07,雷阵雨,36,27,2级,西南风
2017-07-08,雷阵雨,35,27,2级,西南风
2017-07-09,雷阵雨,34,28,2级,西南风
2017-07-10,雷阵雨,32,25,1级,北风
2017-07-11,阵雨,33,26,2级,西风
2017-07-12,多云,36,27,2级,西南风
2017-07-13,多云,38,28,2级,西南风
2017-07-14,雷阵雨,36,28,1级,西风
2017-07-15,晴,38,27,1级,东北风
2017-07-16,晴,38,28,2级,西南风
2017-07-17,晴,38,28,2级,西南风
2017-07-18,多云,37,28,3级,西南风
2017-07-19,多云,38,29,2级,西南风
2017-07-20,晴,37,29,2级,西风
2017-07-21,晴,38,29,2级,西南风
2017-07-22,晴,40,29,2级,西南风
2017-07-23,晴,40,28,2级,南风
2017-07-24,晴,41,29,2级,东风
2017-07-25,晴,41,29,2级,东风
2017-07-26,晴,40,29,3级,东风
2017-07-27,晴,40,29,3级,东风
2017-07-28,晴,39,28,3级,东风
2017-07-29,多云,37,28,3级,东风
2017-07-30,阵雨,34,28,3级,东风
2017-07-31,阵雨,35,29,3级,东南风
2017-08-01,阵雨,34,27,2级,西南风
2017-08-02,多云,35,27,3级,南风
2017-08-03,多云,37,28,1级,西风
2017-08-04,晴,38,28,2级,西北风
2017-08-05,雷阵雨,36,28,2级,西南风
2017-08-06,阵雨,35,28,2级,西南风
2017-08-07,多云,38,29,2级,西风
2017-08-08,雷阵雨,38,27,2级,西北风
2017-08-09,中雨,32,27,1级,西风
2017-08-10,多云,34,26,1级,西南风
2017-08-11,多云,36,27,2级,东南风
2017-08-12,雷阵雨,32,26,1级,南风
2017-08-13,多云,35,27,2级,西南风
2017-08-14,雷阵雨,35,26,2级,东风
2017-08-15,雷阵雨,32,25,2级,西风
2017-08-16,雷阵雨,33,26,3级,西南风
2017-08-17,多云,35,26,1级,西南风
2017-08-18,阵雨,36,26,2级,东风
2017-08-19,多云,36,27,1级,西南风
2017-08-20,雷阵雨,33,26,微风,北风
2017-08-21,雷阵雨,34,26,3级,东北风
2017-08-22,雷阵雨,36,27,2级,西南风
2017-08-23,多云,37,27,2级,东风
2017-08-24,晴,37,27,2级,北风
2017-08-25,雷阵雨,35,26,3级,西风
2017-08-26,阵雨,31,25,2级,东北风
2017-08-27,多云,36,26,3级,东风
2017-08-28,晴,37,27,2级,北风
2017-08-29,雷阵雨,34,26,3级,东北风
2017-08-30,多云,32,25,3级,东北风
2017-08-31,多云,30,24,2级,东风
2017-09-01,多云,29,22,2级,东风
2017-09-02,多云,31,24,3级,东风
2017-09-03,阴,30,24,3级,东风
2017-09-04,多云,33,25,2级,东北风
2017-09-05,多云,35,26,3级,东北风
2017-09-06,雷阵雨,32,25,3级,北风
2017-09-07,阵雨,28,23,1级,西北风
2017-09-08,阴,28,24,2级,东北风
2017-09-09,阵雨,30,26,2级,东北风
2017-09-10,雷阵雨,33,25,1级,西风
2017-09-11,阵雨,27,22,2级,北风
2017-09-12,阴,27,22,2级,东风
2017-09-13,多云,30,21,3级,东北风
2017-09-14,阵雨,28,22,4级,北风
2017-09-15,阵雨,25,19,3级,北风
2017-09-16,多云,28,19,3级,北风
2017-09-17,晴,30,19,2级,东北风
2017-09-18,晴,31,21,2级,东风
2017-09-19,多云,31,21,3级,北风
2017-09-20,中雨,24,21,2级,东北风
2017-09-21,阵雨,23,20,2级,东北风
2017-09-22,阵雨,26,20,2级,东风
2017-09-23,中雨,24,21,1级,西南风
2017-09-24,阵雨,27,21,1级,北风
2017-09-25,多云,31,24,2级,南风
2017-09-26,多云,32,24,2级,西南风
2017-09-27,雷阵雨,29,21,2级,东北风
2017-09-28,阵雨,21,16,2级,西南风
2017-09-29,多云,24,20,1级,西北风
2017-09-30,阵雨,25,22,2级,西北风
2017-10-01,多云,34,23,1级,西南风
2017-10-02,阵雨,29,21,2级,北风
2017-10-03,阴,24,19,4级,北风
2017-10-04,阴,22,18,2级,东北风
2017-10-05,阴,24,18,2级,北风
2017-10-06,阴,25,18,3级,东北风
2017-10-07,多云,26,19,1级,东风
2017-10-08,晴,29,20,1级,东北风
2017-10-09,多云,30,21,2级,东风
2017-10-10,多云,32,21,2级,北风
2017-10-11,小雨,22,18,2级,东北风
2017-10-12,小雨,19,16,2级,东北风
2017-10-13,阴,20,17,3级,东北风
2017-10-14,阵雨,19,16,2级,南风
2017-10-15,中雨,19,16,3级,北风
2017-10-16,阵雨,18,16,4级,北风
2017-10-17,小雨,19,15,3级,北风
2017-10-18,多云,22,15,3级,北风
2017-10-19,多云,21,16,2级,西北风
2017-10-20,阴,21,14,2级,北风
2017-10-21,多云,22,14,2级,北风
2017-10-22,多云,23,13,3级,北风
2017-10-23,多云,21,12,2级,北风
2017-10-24,晴,21,10,2级,北风
2017-10-25,多云,22,12,2级,东风
2017-10-26,多云,14,0,小于3级,东北风
2017-10-27,多云,14,0,小于3级,北风
2017-10-28,晴,13,0,3～4级,北风
2017-10-29,多云,10,0,4～5级,北风
2017-10-30,多云,18,10,2级,东北风
2017-10-31,晴,19,10,2级,东风
2017-11-01,晴,22,11,1级,北风
2017-11-02,多云,24,12,1级,北风
2017-11-03,阴,22,9,2级,北风
2017-11-04,多云,17,8,3级,北风
2017-11-05,多云,18,11,1级,东南风
2017-11-06,多云,21,14,微风,北风
2017-11-07,阴,20,14,1级,西北风
2017-11-08,多云,22,11,3级,东风
2017-11-09,晴,22,14,1级,东风
2017-11-10,小雨,21,12,3级,北风
2017-11-11,多云,18,12,2级,东南风
2017-11-12,阵雨,19,13,2级,东风
2017-11-13,小雨,20,14,2级,北风
2017-11-14,阴,17,13,1级,北风
2017-11-15,阴,18,14,1级,东南风
2017-11-16,小雨,18,14,2级,东南风
2017-11-17,小雨,18,9,2级,北风
2017-11-18,阴,11,6,5级,北风
2017-11-19,多云,12,6,2级,东北风
2017-11-20,小雨,12,6,2级,北风
2017-11-21,小雨,11,9,1级,西北风
2017-11-22,多云,15,6,2级,北风
2017-11-23,晴,13,5,1级,西南风
2017-11-24,多云,15,6,1级,南风
2017-11-25,多云,16,8,2级,南风
2017-11-26,多云,18,7,2级,西北风
2017-11-27,多云,17,9,2级,东风
2017-11-28,多云,20,11,1级,西北风
2017-11-29,中雨,14,10,2级,北风
2017-11-30,小雨,10,7,2级,北风
2017-12-01,阴,11,6,2级,北风
2017-12-02,多云,13,6,2级,西北风
2017-12-03,阴,16,7,微风,东风
2017-12-04,多云,14,4,2级,北风
2017-12-05,晴,11,4,2级,东北风
2017-12-06,晴,12,4,1级,东南风
2017-12-07,多云,13,4,2级,东北风
2017-12-08,晴,9,1,2级,北风
2017-12-09,晴,11,3,2级,西南风
2017-12-10,晴,14,2,2级,西北风
2017-12-11,晴,12,3,1级,北风
2017-12-12,多云,12,4,4级,东风
2017-12-13,阴,10,6,3级,东风
2017-12-14,小雨,8,6,1级,东风
2017-12-15,小雨,8,3,2级,北风
2017-12-16,阵雨,7,-1,2级,北风
2017-12-17,晴,6,-1,2级,北风
2017-12-18,晴,8,0,1级,西北风
2017-12-19,晴,10,0,1级,西北风
2017-12-20,晴,12,0,1级,北风
2017-12-21,晴,12,1,1级,东南风
2017-12-22,晴,15,4,微风,东南风
2017-12-23,多云,15,7,1级,南风
2017-12-24,多云,14,1,2级,西北风
2017-12-25,晴,11,3,1级,东风
2017-12-26,晴,14,3,2级,东风
2017-12-27,多云,13,4,1级,东南风
2017-12-28,小雨,10,7,2级,西北风
2017-12-29,阴,13,8,1级,东风
2017-12-30,小雨,12,4,2级,西北风
2017-12-31,晴,11,2,1级,西南风
2018-01-01,多云,12,3,2级,东南风
2018-01-02,阴,12,4,3级,西北风
2018-01-03,中雨,10,5,2级,东北风
2018-01-04,中雨,5,3,2级,北风
2018-01-05,小雨,6,2,2级,东北风
2018-01-06,小雨,7,3,3级,东南风
2018-01-07,小雨,8,1,2级,北风
2018-01-08,阴,4,-2,1级,西北风
2018-01-09,晴,7,-2,2级,西南风
2018-01-10,晴,10,-2,2级,北风
2018-01-11,晴,9,-2,2级,西北风
2018-01-12,晴,7,-2,2级,东风
2018-01-13,晴,8,-1,2级,东南风
2018-01-14,晴,12,3,微风,北风
2018-01-15,多云,14,3,1级,北风
2018-01-16,阴,16,7,2级,东北风
2018-01-17,多云,14,4,2级,东风
2018-01-18,多云,13,7,2级,西北风
2018-01-19,阴,10,6,1级,东北风
2018-01-20,小雨,9,6,2级,东风
2018-01-21,中雨,8,5,2级,南风
2018-01-22,多云,12,4,微风,东北风
2018-01-23,小雨,9,2,2级,东北风
2018-01-24,小雨,4,0,2级,东北风
2018-01-25,中到大雪,1,-1,3级,东北风
2018-01-26,阴,1,-1,2级,东北风
2018-01-27,小到中雪,1,-1,4级,东北风
2018-01-28,小雪,1,-3,2级,西风
2018-01-29,多云,2,-5,1级,北风
2018-01-30,多云,3,-2,1级,西南风
2018-01-31,小雪,2,-3,1级,西北风
2018-02-01,多云,4,-2,1级,西北风
2018-02-02,多云,7,-1,2级,西北风
2018-02-03,多云,3,-2,3级,北风
2018-02-04,晴,4,-3,1级,北风
2018-02-05,晴,6,-2,1级,北风
2018-02-06,晴,7,-2,1级,东北风
2018-02-07,多云,9,-1,微风,西北风
2018-02-08,晴,8,0,2级,东南风
2018-02-09,阴,10,3,2级,西南风
2018-02-10,小雨,6,0,1级,北风
2018-02-11,晴,9,-1,微风,西北风
2018-02-12,晴,11,0,1级,西北风
2018-02-13,晴,14,2,2级,东南风
2018-02-14,晴,21,7,微风,东北风
2018-02-15,小雨,11,8,2级,东风
2018-02-16,小雨,8,5,1级,西北风
2018-02-17,多云,12,4,3级,东风
2018-02-18,阵雨,12,6,2级,北风
2018-02-19,小雨,9,6,2级,北风
2018-02-20,中雨,8,4,3级,东北风
2018-02-21,小雨,7,4,2级,东北风
2018-02-22,阴,9,2,2级,西南风
2018-02-23,晴,16,2,1级,东南风
2018-02-24,中雨,11,6,2级,北风
2018-02-25,阴,10,4,1级,西北风
2018-02-26,晴,15,5,2级,东风
2018-02-27,多云,18,5,1级,北风
2018-02-28,小雨,17,6,2级,西北风
2018-03-01,晴,18,8,4级,东风
2018-03-02,阵雨,12,6,1级,西南风
2018-03-03,阴,23,10,2级,东风
2018-03-04,多云,28,9,2级,南风
2018-03-05,小雨,10,7,3级,北风
2018-03-06,阴,10,5,3级,东风
2018-03-07,小到中雨,10,6,2级,北风
2018-03-08,阴,11,3,1级,西北风
2018-03-09,晴,12,2,2级,东风
2018-03-10,晴,17,6,2级,东风
2018-03-11,多云,21,9,3级,东风
2018-03-12,多云,24,12,2级,西南风
2018-03-13,多云,25,14,1级,西南风
2018-03-14,小雨,25,14,微风,南风
2018-03-15,阵雨,22,9,2级,东北风
2018-03-16,小雨,11,6,2级,西北风
2018-03-17,多云,16,10,2级,东北风
2018-03-18,小雨,16,9,2级,北风
2018-03-19,小雨,11,7,2级,北风
2018-03-20,小雨,10,6,2级,西北风
2018-03-21,阴,10,3,2级,西南风
2018-03-22,晴,19,7,2级,西北风
2018-03-23,多云,22,9,2级,东风
2018-03-24,多云,24,12,1级,东北风
2018-03-25,阴,22,14,2级,西南风
2018-03-26,阵雨,20,12,2级,南风
2018-03-27,多云,25,12,2级,东风
2018-03-28,晴,27,14,1级,东风
2018-03-29,多云,28,15,1级,东北风
2018-03-30,多云,24,14,2级,东风
2018-03-31,多云,26,15,2级,东风
2018-04-01,多云,29,17,1级,北风
2018-04-02,阵雨,28,18,1级,西南风
2018-04-03,阵雨,27,17,1级,东风
2018-04-04,阴,22,15,2级,东北风
2018-04-05,中雨,15,9,4级,东南风
2018-04-06,多云,16,7,4级,北风
2018-04-07,晴,17,6,2级,西北风
2018-04-08,晴,23,11,3级,西南风
2018-04-09,晴,28,14,1级,北风
2018-04-10,晴,31,17,2级,西南风
2018-04-11,阵雨,28,17,2级,东风
2018-04-12,阵雨,23,16,2级,东风
2018-04-13,中雨,23,15,1级,南风
2018-04-14,阵雨,16,12,2级,西北风
2018-04-15,多云,19,9,1级,西北风
2018-04-16,阴,18,9,1级,西南风
2018-04-17,多云,22,9,2级,东风
2018-04-18,晴,27,13,3级,东风
2018-04-19,晴,29,16,2级,东风
2018-04-20,晴,31,18,2级,南风
2018-04-21,阵雨,28,20,1级,东风
2018-04-22,阵雨,30,21,2级,北风
2018-04-23,大雨,22,15,3级,北风
2018-04-24,阴,19,11,3级,北风
2018-04-25,晴,23,13,1级,东北风
2018-04-26,多云,24,16,2级,东风
2018-04-27,多云,28,16,微风,东北风
2018-04-28,多云,29,18,2级,东风
2018-04-29,阵雨,27,19,2级,西南风
2018-04-30,阴,29,21,2级,南风
2018-05-01,阵雨,30,22,1级,西南风
2018-05-02,阴,27,16,3级,北风
2018-05-03,多云,26,15,3级,北风
2018-05-04,多云,29,18,1级,东风
2018-05-05,阵雨,25,15,2级,西南风
2018-05-06,阵雨,29,19,3级,西南风
2018-05-07,阵雨,24,16,2级,北风
2018-05-08,多云,24,14,1级,北风
2018-05-09,晴,26,14,2级,东风
2018-05-10,晴,27,16,2级,东北风
2018-05-11,多云,28,18,微风,东南风
2018-05-12,雷阵雨,30,21,2级,西北风
2018-05-13,阵雨,29,21,3级,东风
2018-05-14,多云,33,24,2级,东南风
2018-05-15,多云,36,25,2级,西南风
2018-05-16,多云,37,26,3级,西南风
2018-05-17,多云,36,26,2级,西风
2018-05-18,阵雨,34,23,微风,东北风
2018-05-19,阵雨,26,21,2级,东北风
2018-05-20,阵雨,25,20,2级,东北风
2018-05-21,小雨,24,19,1级,东风
2018-05-22,阵雨,29,19,3级,北风
2018-05-23,多云,26,18,1级,南风
2018-05-24,多云,28,21,2级,东北风
2018-05-25,多云,32,23,2级,东北风
2018-05-26,阵雨,27,21,微风,东北风
2018-05-27,阵雨,26,20,2级,西南风
2018-05-28,多云,30,21,2级,西南风
2018-05-29,阵雨,28,22,微风,东南风
2018-05-30,阵雨,28,20,2级,东风
2018-05-31,阵雨,22,17,1级,西风
2018-06-01,多云,28,17,2级,东风
2018-06-02,阴,25,19,1级,西南风
2018-06-03,阴,25,19,2级,东风
2018-06-04,多云,28,20,2级,西南风
2018-06-05,阵雨,24,19,2级,南风
2018-06-06,阴,28,20,2级,东风
2018-06-07,多云,31,23,2级,东风
2018-06-08,阵雨,27,22,1级,东北风
2018-06-09,阵雨,28,22,2级,东北风
2018-06-10,阵雨,25,19,1级,西南风
2018-06-11,晴,32,21,2级,西北风
2018-06-12,多云,34,21,2级,西南风
2018-06-13,多云,33,20,1级,东南风
2018-06-14,多云,31,22,2级,东风
2018-06-15,晴,34,22,2级,东南风
2018-06-16,多云,32,22,3级,东风
2018-06-17,多云,31,22,2级,东北风
2018-06-18,多云,33,24,2级,东风
2018-06-19,阴,34,24,微风,东北风
2018-06-20,中到大雨,25,21,2级,东北风
2018-06-21,阴,29,21,2级,东风
2018-06-22,大到暴雨,23,21,1级,东南风
2018-06-23,阵雨,26,19,1级,西风
2018-06-24,阴,29,23,2级,北风
2018-06-25,多云,35,25,微风,西南风
2018-06-26,多云,37,27,2级,南风
2018-06-27,多云,37,28,2级,西南风
2018-06-28,多云,36,26,2级,东北风
2018-06-29,雷阵雨,31,25,2级,西南风
2018-06-30,阵雨,31,24,2级,南风
2018-07-01,雷阵雨,32,24,1级,南风
2018-07-02,雷阵雨,33,25,1级,西风
2018-07-03,雷阵雨,30,25,1级,西风
2018-07-04,雷阵雨,33,26,1级,东风
2018-07-05,雷阵雨,33,27,微风,西南风
2018-07-06,雷阵雨,30,25,2级,东北风
2018-07-07,阵雨,33,26,2级,东风
2018-07-08,多云,34,27,2级,南风
2018-07-09,多云,36,27,1级,西南风
2018-07-10,晴,36,26,3级,东风
2018-07-11,阵雨,33,26,2级,东南风
2018-07-12,多云,36,26,2级,东南风
2018-07-13,多云,35,27,2级,南风
2018-07-14,晴,36,27,2级,南风
2018-07-15,晴,36,27,2级,东风
2018-07-16,晴,36,27,2级,南风
2018-07-17,多云,36,27,2级,南风
2018-07-18,晴,36,26,3级,东风
2018-07-19,晴,36,27,2级,北风
2018-07-20,多云,36,26,2级,东风
2018-07-21,阵雨,34,27,2级,北风
2018-07-22,中雨,31,26,2级,西南风
2018-07-23,多云,35,26,1级,西北风
2018-07-24,雷阵雨,35,27,1级,东北风
2018-07-25,多云,36,27,2级,西南风
2018-07-26,雷阵雨,38,28,3级,南风
2018-07-27,多云,37,26,1级,西南风
2018-07-28,晴,37,27,2级,东南风
2018-07-29,晴,37,27,1级,西北风
2018-07-30,多云,36,27,2级,西南风
2018-07-31,雷阵雨,36,26,3级,南风
2018-08-01,阵雨,34,26,2级,东风
2018-08-02,雷阵雨,33,25,1级,东风
2018-08-03,大雨,30,24,2级,西风
2018-08-04,多云,36,27,2级,西南风
2018-08-05,晴,36,27,2级,东风
2018-08-06,晴,37,27,2级,南风
2018-08-07,晴,37,27,2级,东北风
2018-08-08,晴,37,27,2级,东北风
2018-08-09,晴,36,27,1级,东风
2018-08-10,晴,36,27,1级,东北风
2018-08-11,多云,35,25,2级,东北风
2018-08-12,大雨,31,26,2级,东风
2018-08-13,阵雨,33,25,2级,北风
2018-08-14,多云,35,26,4级,东北风
2018-08-15,多云,34,27,1级,东南风
2018-08-16,中雨,31,25,2级,西北风
2018-08-17,中到大雨,30,24,微风,东风
2018-08-18,多云,34,26,2级,南风
2018-08-19,多云,36,26,2级,东南风
2018-08-20,雷阵雨,35,26,2级,北风
2018-08-21,阵雨,33,26,3级,东北风
2018-08-22,多云,33,25,1级,东北风
2018-08-23,多云,33,25,2级,西北风
2018-08-24,多云,33,25,2级,东北风
2018-08-25,中雨,27,21,2级,北风
2018-08-26,中雨,29,25,1级,东风
2018-08-27,多云,33,26,2级,东南风
2018-08-28,多云,34,26,3级,东南风
2018-08-29,多云,34,26,2级,南风
2018-08-30,多云,35,26,2级,南风
2018-08-31,阵雨,33,26,2级,西北风
2018-09-01,多云,34,26,1级,北风
2018-09-02,多云,34,26,1级,西南风
2018-09-03,雷阵雨,34,25,1级,南风
2018-09-04,多云,33,22,1级,西南风
2018-09-05,多云,33,23,2级,东南风
2018-09-06,多云,35,24,1级,西风
2018-09-10,阴,28,21,1级,东南风
2018-09-11,阵雨,26,21,1级,北风
2018-09-12,多云,28,22,2级,东风
2018-09-13,多云,30,23,微风,南风
2018-09-14,多云,31,24,1级,南风
2018-09-16,阵雨,31,25,1级,北风
2018-09-17,阵雨,31,25,1级,南风
2018-09-18,多云,32,24,1级,东北风
2018-09-19,雷阵雨,34,25,1级,南风
2018-09-20,雷阵雨,32,24,1级,西风
2018-09-21,阵雨,27,22,1级,东北风
2018-09-22,阵雨,26,22,1级,西北风
2018-09-23,阴,28,20,2级,西北风
2018-09-24,多云,28,19,2级,东风
2018-09-25,多云,27,20,3级,东北风
2018-09-26,多云,26,20,3级,东北风
2018-09-27,阵雨,25,19,1级,南风
2018-09-28,多云,27,19,1级,西南风
2018-09-29,多云,27,18,2级,西北风
2018-09-30,晴,28,17,2级,西北风
2018-10-01,晴,26,15,2级,西北风
2018-10-02,多云,26,16,1级,南风
2018-10-03,多云,25,16,1级,东南风
2018-10-04,多云,26,18,3级,东北风
2018-10-05,阴,24,17,3级,北风
2018-10-06,晴,27,16,2级,北风
2018-10-07,晴,27,17,1级,西南风
2018-10-08,多云,26,18,2级,东北风
2018-10-09,小雨,25,16,2级,西北风
2018-10-10,多云,20,13,2级,北风
2018-10-12,多云,21,13,2级,西北风
2018-10-13,多云,23,14,1级,南风
2018-10-14,小雨,22,16,2级,东风
2018-10-15,小雨,20,15,1级,东南风
2018-10-16,阴,22,13,1级,西风
2018-10-17,多云,22,13,1级,西北风
2018-10-18,多云,21,11,2级,东北风
2018-10-19,多云,20,12,1级,东风
2018-10-20,多云,21,12,2级,东风
2018-10-21,小雨,20,15,1级,东风
2018-10-22,小雨,21,16,2级,北风
2018-10-23,阴,22,15,2级,西北风
2018-10-24,多云,23,15,1级,东风
2018-10-25,小雨,23,16,2级,西南风
2018-10-26,多云,23,10,2级,北风
2018-10-27,晴,21,10,1级,西北风
2018-10-28,晴,24,11,2级,西南风
2018-10-29,晴,26,13,2级,西北风
2018-10-30,多云,24,13,1级,南风
2018-10-31,多云,22,12,2级,东北风
